Alcance,n_campos,Estrategia,Modelo,Variante,tp,fp,fn,tn,n,f1,sensibilidad,especificidad,exactitud_balanceada,cobertura_pct
todos,90,A,Gemma4,faltante_como_error,543,218,20,2938,3719,0.82,0.964,0.931,0.948,99.4
todos,90,A,Gemma4,respondidas,543,196,19,2938,3696,0.835,0.966,0.937,0.952,99.4
todos,90,A,Gemma4,solo_validos,504,187,18,2823,3532,0.831,0.966,0.938,0.952,99.4
todos,90,B,Gemma4,faltante_como_error,542,259,21,2897,3719,0.795,0.963,0.918,0.94,99.8
todos,90,B,Gemma4,respondidas,542,251,20,2897,3710,0.8,0.964,0.92,0.942,99.8
todos,90,B,Gemma4,solo_validos,315,137,4,1482,1938,0.817,0.987,0.915,0.951,99.8
todos,90,C,Gemma4,faltante_como_error,517,277,46,2879,3719,0.762,0.918,0.912,0.915,97.3
todos,90,C,Gemma4,respondidas,517,186,38,2879,3620,0.822,0.932,0.939,0.935,97.3
todos,90,C,Gemma4,solo_validos,309,115,20,2183,2627,0.821,0.939,0.95,0.945,97.3
todos,90,A,Qwen,faltante_como_error,505,184,58,2972,3719,0.807,0.897,0.942,0.919,99.4
todos,90,A,Qwen,respondidas,505,177,44,2972,3698,0.82,0.92,0.944,0.932,99.4
todos,90,A,Qwen,solo_validos,231,101,23,1810,2165,0.788,0.909,0.947,0.928,99.4
todos,90,B,Qwen,faltante_como_error,492,282,71,2874,3719,0.736,0.874,0.911,0.892,96.9
todos,90,B,Qwen,respondidas,492,203,33,2874,3602,0.807,0.937,0.934,0.936,96.9
todos,90,B,Qwen,solo_validos,150,72,5,852,1079,0.796,0.968,0.922,0.945,96.9
todos,90,C,Qwen,faltante_como_error,413,466,150,2690,3719,0.573,0.734,0.852,0.793,88.0
todos,90,C,Qwen,respondidas,413,123,46,2690,3272,0.83,0.9,0.956,0.928,88.0
todos,90,C,Qwen,solo_validos,175,62,16,1791,2044,0.818,0.916,0.967,0.941,88.0
todos,90,A,Llama-70B,faltante_como_error,406,1172,157,1984,3719,0.379,0.721,0.629,0.675,68.3
todos,90,A,Llama-70B,respondidas,406,88,62,1984,2540,0.844,0.868,0.958,0.913,68.3
todos,90,A,Llama-70B,solo_validos,0,0,0,0,0,,,,,68.3
todos,90,B,Llama-70B,faltante_como_error,503,397,60,2759,3719,0.688,0.893,0.874,0.884,97.1
todos,90,B,Llama-70B,respondidas,503,314,35,2759,3611,0.742,0.935,0.898,0.916,97.1
todos,90,B,Llama-70B,solo_validos,159,98,8,813,1078,0.75,0.952,0.892,0.922,97.1
todos,90,C,Llama-70B,faltante_como_error,436,753,127,2403,3719,0.498,0.774,0.761,0.768,83.5
todos,90,C,Llama-70B,respondidas,436,227,38,2403,3104,0.767,0.92,0.914,0.917,83.5
todos,90,C,Llama-70B,solo_validos,43,38,4,503,588,0.672,0.915,0.93,0.922,83.5
kappa>=0.8,29,A,Gemma4,faltante_como_error,275,53,4,893,1225,0.906,0.986,0.944,0.965,98.8
kappa>=0.8,29,A,Gemma4,respondidas,275,39,3,893,1210,0.929,0.989,0.958,0.974,98.8
kappa>=0.8,29,A,Gemma4,solo_validos,251,38,3,865,1157,0.924,0.988,0.958,0.973,98.8
kappa>=0.8,29,B,Gemma4,faltante_como_error,274,52,5,894,1225,0.906,0.982,0.945,0.964,99.8
kappa>=0.8,29,B,Gemma4,respondidas,274,51,4,894,1223,0.909,0.986,0.946,0.966,99.8
kappa>=0.8,29,B,Gemma4,solo_validos,159,33,0,441,633,0.906,1.0,0.93,0.965,99.8
kappa>=0.8,29,C,Gemma4,faltante_como_error,270,62,9,884,1225,0.884,0.968,0.934,0.951,97.4
kappa>=0.8,29,C,Gemma4,respondidas,270,33,6,884,1193,0.933,0.978,0.964,0.971,97.4
kappa>=0.8,29,C,Gemma4,solo_validos,154,21,2,680,857,0.931,0.987,0.97,0.979,97.4
kappa>=0.8,29,A,Qwen,faltante_como_error,274,45,5,901,1225,0.916,0.982,0.952,0.967,100.0
kappa>=0.8,29,A,Qwen,respondidas,274,45,5,901,1225,0.916,0.982,0.952,0.967,100.0
kappa>=0.8,29,A,Qwen,solo_validos,119,26,2,557,704,0.895,0.983,0.955,0.969,100.0
kappa>=0.8,29,B,Qwen,faltante_como_error,256,61,23,885,1225,0.859,0.918,0.936,0.927,96.2
kappa>=0.8,29,B,Qwen,respondidas,256,32,5,885,1178,0.933,0.981,0.965,0.973,96.2
kappa>=0.8,29,B,Qwen,solo_validos,81,16,0,259,356,0.91,1.0,0.942,0.971,96.2
kappa>=0.8,29,C,Qwen,faltante_como_error,218,131,61,815,1225,0.694,0.781,0.862,0.821,86.7
kappa>=0.8,29,C,Qwen,respondidas,218,21,8,815,1062,0.938,0.965,0.975,0.97,86.7
kappa>=0.8,29,C,Qwen,solo_validos,95,10,4,556,665,0.931,0.96,0.982,0.971,86.7
kappa>=0.8,29,A,Llama-70B,faltante_como_error,235,261,44,685,1225,0.606,0.842,0.724,0.783,78.9
kappa>=0.8,29,A,Llama-70B,respondidas,235,32,14,685,966,0.911,0.944,0.955,0.95,78.9
kappa>=0.8,29,A,Llama-70B,solo_validos,0,0,0,0,0,,,,,78.9
kappa>=0.8,29,B,Llama-70B,faltante_como_error,257,71,22,875,1225,0.847,0.921,0.925,0.923,97.1
kappa>=0.8,29,B,Llama-70B,respondidas,257,48,10,875,1190,0.899,0.963,0.948,0.955,97.1
kappa>=0.8,29,B,Llama-70B,solo_validos,88,11,2,256,357,0.931,0.978,0.959,0.968,97.1
kappa>=0.8,29,C,Llama-70B,faltante_como_error,229,186,50,760,1225,0.66,0.821,0.803,0.812,84.2
kappa>=0.8,29,C,Llama-70B,respondidas,229,31,12,760,1032,0.914,0.95,0.961,0.956,84.2
kappa>=0.8,29,C,Llama-70B,solo_validos,24,3,1,164,192,0.923,0.96,0.982,0.971,84.2
0.6<=kappa<0.8,28,A,Gemma4,faltante_como_error,143,47,9,973,1172,0.836,0.941,0.954,0.947,99.9
0.6<=kappa<0.8,28,A,Gemma4,respondidas,143,46,9,973,1171,0.839,0.941,0.955,0.948,99.9
0.6<=kappa<0.8,28,A,Gemma4,solo_validos,134,46,8,935,1123,0.832,0.944,0.953,0.948,99.9
0.6<=kappa<0.8,28,B,Gemma4,faltante_como_error,145,74,7,946,1172,0.782,0.954,0.927,0.941,99.7
0.6<=kappa<0.8,28,B,Gemma4,respondidas,145,71,7,946,1169,0.788,0.954,0.93,0.942,99.7
0.6<=kappa<0.8,28,B,Gemma4,solo_validos,87,27,1,500,615,0.861,0.989,0.949,0.969,99.7
0.6<=kappa<0.8,28,C,Gemma4,faltante_como_error,134,78,18,942,1172,0.736,0.882,0.924,0.903,97.4
0.6<=kappa<0.8,28,C,Gemma4,respondidas,134,50,16,942,1142,0.802,0.893,0.95,0.921,97.4
0.6<=kappa<0.8,28,C,Gemma4,solo_validos,77,31,9,715,832,0.794,0.895,0.958,0.927,97.4
0.6<=kappa<0.8,28,A,Qwen,faltante_como_error,122,52,30,968,1172,0.748,0.803,0.949,0.876,98.7
0.6<=kappa<0.8,28,A,Qwen,respondidas,122,48,19,968,1157,0.785,0.865,0.953,0.909,98.7
0.6<=kappa<0.8,28,A,Qwen,solo_validos,56,32,10,587,685,0.727,0.848,0.948,0.898,98.7
0.6<=kappa<0.8,28,B,Qwen,faltante_como_error,119,83,33,937,1172,0.672,0.783,0.919,0.851,96.8
0.6<=kappa<0.8,28,B,Qwen,respondidas,119,63,15,937,1134,0.753,0.888,0.937,0.913,96.8
0.6<=kappa<0.8,28,B,Qwen,solo_validos,39,16,2,291,348,0.812,0.951,0.948,0.95,96.8
0.6<=kappa<0.8,28,C,Qwen,faltante_como_error,96,133,56,887,1172,0.504,0.632,0.87,0.751,88.2
0.6<=kappa<0.8,28,C,Qwen,respondidas,96,34,17,887,1034,0.79,0.85,0.963,0.906,88.2
0.6<=kappa<0.8,28,C,Qwen,solo_validos,38,20,6,587,651,0.745,0.864,0.967,0.915,88.2
0.6<=kappa<0.8,28,A,Llama-70B,faltante_como_error,91,392,61,628,1172,0.287,0.599,0.616,0.607,65.3
0.6<=kappa<0.8,28,A,Llama-70B,respondidas,91,20,26,628,765,0.798,0.778,0.969,0.873,65.3
0.6<=kappa<0.8,28,A,Llama-70B,solo_validos,0,0,0,0,0,,,,,65.3
0.6<=kappa<0.8,28,B,Llama-70B,faltante_como_error,125,116,27,904,1172,0.636,0.822,0.886,0.854,97.4
0.6<=kappa<0.8,28,B,Llama-70B,respondidas,125,96,16,904,1141,0.691,0.887,0.904,0.895,97.4
0.6<=kappa<0.8,28,B,Llama-70B,solo_validos,33,32,4,275,344,0.647,0.892,0.896,0.894,97.4
0.6<=kappa<0.8,28,C,Llama-70B,faltante_como_error,108,229,44,791,1172,0.442,0.711,0.775,0.743,83.5
0.6<=kappa<0.8,28,C,Llama-70B,respondidas,108,65,15,791,979,0.73,0.878,0.924,0.901,83.5
0.6<=kappa<0.8,28,C,Llama-70B,solo_validos,8,13,2,159,182,0.516,0.8,0.924,0.862,83.5
kappa<0.6,33,A,Gemma4,faltante_como_error,125,118,7,1072,1322,0.667,0.947,0.901,0.924,99.5
kappa<0.6,33,A,Gemma4,respondidas,125,111,7,1072,1315,0.679,0.947,0.906,0.927,99.5
kappa<0.6,33,A,Gemma4,solo_validos,119,103,7,1023,1252,0.684,0.944,0.909,0.926,99.5
kappa<0.6,33,B,Gemma4,faltante_como_error,123,133,9,1057,1322,0.634,0.932,0.888,0.91,99.7
kappa<0.6,33,B,Gemma4,respondidas,123,129,9,1057,1318,0.641,0.932,0.891,0.912,99.7
kappa<0.6,33,B,Gemma4,solo_validos,69,77,3,541,690,0.633,0.958,0.875,0.917,99.7
kappa<0.6,33,C,Gemma4,faltante_como_error,113,137,19,1053,1322,0.592,0.856,0.885,0.87,97.2
kappa<0.6,33,C,Gemma4,respondidas,113,103,16,1053,1285,0.655,0.876,0.911,0.893,97.2
kappa<0.6,33,C,Gemma4,solo_validos,78,63,9,788,938,0.684,0.897,0.926,0.911,97.2
kappa<0.6,33,A,Qwen,faltante_como_error,109,87,23,1103,1322,0.665,0.826,0.927,0.876,99.5
kappa<0.6,33,A,Qwen,respondidas,109,84,20,1103,1316,0.677,0.845,0.929,0.887,99.5
kappa<0.6,33,A,Qwen,solo_validos,56,43,11,666,776,0.675,0.836,0.939,0.888,99.5
kappa<0.6,33,B,Qwen,faltante_como_error,117,138,15,1052,1322,0.605,0.886,0.884,0.885,97.6
kappa<0.6,33,B,Qwen,respondidas,117,108,13,1052,1290,0.659,0.9,0.907,0.903,97.6
kappa<0.6,33,B,Qwen,solo_validos,30,40,3,302,375,0.583,0.909,0.883,0.896,97.6
kappa<0.6,33,C,Qwen,faltante_como_error,99,202,33,988,1322,0.457,0.75,0.83,0.79,89.0
kappa<0.6,33,C,Qwen,respondidas,99,68,21,988,1176,0.69,0.825,0.936,0.88,89.0
kappa<0.6,33,C,Qwen,solo_validos,42,32,6,648,728,0.689,0.875,0.953,0.914,89.0
kappa<0.6,33,A,Llama-70B,faltante_como_error,80,519,52,671,1322,0.219,0.606,0.564,0.585,61.2
kappa<0.6,33,A,Llama-70B,respondidas,80,36,22,671,809,0.734,0.784,0.949,0.867,61.2
kappa<0.6,33,A,Llama-70B,solo_validos,0,0,0,0,0,,,,,61.2
kappa<0.6,33,B,Llama-70B,faltante_como_error,121,210,11,980,1322,0.523,0.917,0.824,0.87,96.8
kappa<0.6,33,B,Llama-70B,respondidas,121,170,9,980,1280,0.575,0.931,0.852,0.891,96.8
kappa<0.6,33,B,Llama-70B,solo_validos,38,55,2,282,377,0.571,0.95,0.837,0.893,96.8
kappa<0.6,33,C,Llama-70B,faltante_como_error,99,338,33,852,1322,0.348,0.75,0.716,0.733,82.7
kappa<0.6,33,C,Llama-70B,respondidas,99,131,11,852,1093,0.582,0.9,0.867,0.883,82.7
kappa<0.6,33,C,Llama-70B,solo_validos,11,22,1,180,214,0.489,0.917,0.891,0.904,82.7
