Alcance,Referencia,Variante,Estrategia,Modelo,n,f1,sensibilidad,especificidad,exactitud_balanceada
todos,mayoria,faltante_como_error,A,Gemma4,3719,0.82,0.964,0.931,0.948
todos,mayoria,respondidas,A,Gemma4,3696,0.835,0.966,0.937,0.952
todos,unanimidad,faltante_como_error,A,Gemma4,3605,0.833,0.976,0.94,0.958
todos,unanimidad,respondidas,A,Gemma4,3585,0.848,0.976,0.946,0.961
todos,mayoria,faltante_como_error,B,Gemma4,3719,0.795,0.963,0.918,0.94
todos,mayoria,respondidas,B,Gemma4,3710,0.8,0.964,0.92,0.942
todos,unanimidad,faltante_como_error,B,Gemma4,3605,0.804,0.972,0.927,0.95
todos,unanimidad,respondidas,B,Gemma4,3599,0.808,0.972,0.929,0.951
todos,mayoria,faltante_como_error,C,Gemma4,3719,0.762,0.918,0.912,0.915
todos,mayoria,respondidas,C,Gemma4,3620,0.822,0.932,0.939,0.935
todos,unanimidad,faltante_como_error,C,Gemma4,3605,0.774,0.937,0.921,0.929
todos,unanimidad,respondidas,C,Gemma4,3509,0.839,0.95,0.948,0.949
todos,mayoria,faltante_como_error,A,Qwen,3719,0.807,0.897,0.942,0.919
todos,mayoria,respondidas,A,Qwen,3698,0.82,0.92,0.944,0.932
todos,unanimidad,faltante_como_error,A,Qwen,3605,0.825,0.917,0.95,0.934
todos,unanimidad,respondidas,A,Qwen,3588,0.838,0.935,0.952,0.944
todos,mayoria,faltante_como_error,B,Qwen,3719,0.736,0.874,0.911,0.892
todos,mayoria,respondidas,B,Qwen,3602,0.807,0.937,0.934,0.936
todos,unanimidad,faltante_como_error,B,Qwen,3605,0.747,0.885,0.921,0.903
todos,unanimidad,respondidas,B,Qwen,3501,0.819,0.947,0.943,0.945
todos,mayoria,faltante_como_error,C,Qwen,3719,0.573,0.734,0.852,0.793
todos,mayoria,respondidas,C,Qwen,3272,0.83,0.9,0.956,0.928
todos,unanimidad,faltante_como_error,C,Qwen,3605,0.574,0.747,0.861,0.804
todos,unanimidad,respondidas,C,Qwen,3182,0.846,0.92,0.962,0.941
todos,mayoria,faltante_como_error,A,Llama-70B,3719,0.379,0.721,0.629,0.675
todos,mayoria,respondidas,A,Llama-70B,2540,0.844,0.868,0.958,0.913
todos,unanimidad,faltante_como_error,A,Llama-70B,3605,0.37,0.741,0.632,0.686
todos,unanimidad,respondidas,A,Llama-70B,2458,0.858,0.882,0.964,0.923
todos,mayoria,faltante_como_error,B,Llama-70B,3719,0.688,0.893,0.874,0.884
todos,mayoria,respondidas,B,Llama-70B,3611,0.742,0.935,0.898,0.916
todos,unanimidad,faltante_como_error,B,Llama-70B,3605,0.691,0.905,0.884,0.894
todos,unanimidad,respondidas,B,Llama-70B,3501,0.75,0.948,0.908,0.928
todos,mayoria,faltante_como_error,C,Llama-70B,3719,0.498,0.774,0.761,0.768
todos,mayoria,respondidas,C,Llama-70B,3104,0.767,0.92,0.914,0.917
todos,unanimidad,faltante_como_error,C,Llama-70B,3605,0.487,0.776,0.77,0.773
todos,unanimidad,respondidas,C,Llama-70B,3008,0.773,0.931,0.922,0.927
kappa>=0.8,mayoria,faltante_como_error,A,Gemma4,1225,0.906,0.986,0.944,0.965
kappa>=0.8,mayoria,respondidas,A,Gemma4,1210,0.929,0.989,0.958,0.974
kappa>=0.8,unanimidad,faltante_como_error,A,Gemma4,1202,0.923,0.989,0.955,0.972
kappa>=0.8,unanimidad,respondidas,A,Gemma4,1189,0.944,0.989,0.968,0.979
kappa>=0.8,mayoria,faltante_como_error,B,Gemma4,1225,0.906,0.982,0.945,0.964
kappa>=0.8,mayoria,respondidas,B,Gemma4,1223,0.909,0.986,0.946,0.966
kappa>=0.8,unanimidad,faltante_como_error,B,Gemma4,1202,0.919,0.985,0.954,0.97
kappa>=0.8,unanimidad,respondidas,B,Gemma4,1202,0.919,0.985,0.954,0.97
kappa>=0.8,mayoria,faltante_como_error,C,Gemma4,1225,0.884,0.968,0.934,0.951
kappa>=0.8,mayoria,respondidas,C,Gemma4,1193,0.933,0.978,0.964,0.971
kappa>=0.8,unanimidad,faltante_como_error,C,Gemma4,1202,0.896,0.974,0.942,0.958
kappa>=0.8,unanimidad,respondidas,C,Gemma4,1172,0.945,0.981,0.971,0.976
kappa>=0.8,mayoria,faltante_como_error,A,Qwen,1225,0.916,0.982,0.952,0.967
kappa>=0.8,mayoria,respondidas,A,Qwen,1225,0.916,0.982,0.952,0.967
kappa>=0.8,unanimidad,faltante_como_error,A,Qwen,1202,0.93,0.985,0.961,0.973
kappa>=0.8,unanimidad,respondidas,A,Qwen,1202,0.93,0.985,0.961,0.973
kappa>=0.8,mayoria,faltante_como_error,B,Qwen,1225,0.859,0.918,0.936,0.927
kappa>=0.8,mayoria,respondidas,B,Qwen,1178,0.933,0.981,0.965,0.973
kappa>=0.8,unanimidad,faltante_como_error,B,Qwen,1202,0.873,0.915,0.947,0.931
kappa>=0.8,unanimidad,respondidas,B,Qwen,1157,0.948,0.98,0.976,0.978
kappa>=0.8,mayoria,faltante_como_error,C,Qwen,1225,0.694,0.781,0.862,0.821
kappa>=0.8,mayoria,respondidas,C,Qwen,1062,0.938,0.965,0.975,0.97
kappa>=0.8,unanimidad,faltante_como_error,C,Qwen,1202,0.704,0.782,0.872,0.827
kappa>=0.8,unanimidad,respondidas,C,Qwen,1046,0.951,0.968,0.982,0.975
kappa>=0.8,mayoria,faltante_como_error,A,Llama-70B,1225,0.606,0.842,0.724,0.783
kappa>=0.8,mayoria,respondidas,A,Llama-70B,966,0.911,0.944,0.955,0.95
kappa>=0.8,unanimidad,faltante_como_error,A,Llama-70B,1202,0.605,0.838,0.728,0.783
kappa>=0.8,unanimidad,respondidas,A,Llama-70B,945,0.919,0.942,0.963,0.952
kappa>=0.8,mayoria,faltante_como_error,B,Llama-70B,1225,0.847,0.921,0.925,0.923
kappa>=0.8,mayoria,respondidas,B,Llama-70B,1190,0.899,0.963,0.948,0.955
kappa>=0.8,unanimidad,faltante_como_error,B,Llama-70B,1202,0.857,0.919,0.934,0.927
kappa>=0.8,unanimidad,respondidas,B,Llama-70B,1168,0.91,0.961,0.957,0.959
kappa>=0.8,mayoria,faltante_como_error,C,Llama-70B,1225,0.66,0.821,0.803,0.812
kappa>=0.8,mayoria,respondidas,C,Llama-70B,1032,0.914,0.95,0.961,0.956
kappa>=0.8,unanimidad,faltante_como_error,C,Llama-70B,1202,0.662,0.815,0.811,0.813
kappa>=0.8,unanimidad,respondidas,C,Llama-70B,1013,0.923,0.948,0.968,0.958
0.6<=kappa<0.8,mayoria,faltante_como_error,A,Gemma4,1172,0.836,0.941,0.954,0.947
0.6<=kappa<0.8,mayoria,respondidas,A,Gemma4,1171,0.839,0.941,0.955,0.948
0.6<=kappa<0.8,unanimidad,faltante_como_error,A,Gemma4,1131,0.848,0.946,0.963,0.955
0.6<=kappa<0.8,unanimidad,respondidas,A,Gemma4,1131,0.848,0.946,0.963,0.955
0.6<=kappa<0.8,mayoria,faltante_como_error,B,Gemma4,1172,0.782,0.954,0.927,0.941
0.6<=kappa<0.8,mayoria,respondidas,B,Gemma4,1169,0.788,0.954,0.93,0.942
0.6<=kappa<0.8,unanimidad,faltante_como_error,B,Gemma4,1131,0.786,0.946,0.94,0.943
0.6<=kappa<0.8,unanimidad,respondidas,B,Gemma4,1129,0.791,0.946,0.942,0.944
0.6<=kappa<0.8,mayoria,faltante_como_error,C,Gemma4,1172,0.736,0.882,0.924,0.903
0.6<=kappa<0.8,mayoria,respondidas,C,Gemma4,1142,0.802,0.893,0.95,0.921
0.6<=kappa<0.8,unanimidad,faltante_como_error,C,Gemma4,1131,0.744,0.892,0.934,0.913
0.6<=kappa<0.8,unanimidad,respondidas,C,Gemma4,1102,0.82,0.906,0.96,0.933
0.6<=kappa<0.8,mayoria,faltante_como_error,A,Qwen,1172,0.748,0.803,0.949,0.876
0.6<=kappa<0.8,mayoria,respondidas,A,Qwen,1157,0.785,0.865,0.953,0.909
0.6<=kappa<0.8,unanimidad,faltante_como_error,A,Qwen,1131,0.758,0.808,0.958,0.883
0.6<=kappa<0.8,unanimidad,respondidas,A,Qwen,1119,0.792,0.861,0.962,0.911
0.6<=kappa<0.8,mayoria,faltante_como_error,B,Qwen,1172,0.672,0.783,0.919,0.851
0.6<=kappa<0.8,mayoria,respondidas,B,Qwen,1134,0.753,0.888,0.937,0.913
0.6<=kappa<0.8,unanimidad,faltante_como_error,B,Qwen,1131,0.673,0.785,0.929,0.857
0.6<=kappa<0.8,unanimidad,respondidas,B,Qwen,1100,0.75,0.879,0.945,0.912
0.6<=kappa<0.8,mayoria,faltante_como_error,C,Qwen,1172,0.504,0.632,0.87,0.751
0.6<=kappa<0.8,mayoria,respondidas,C,Qwen,1034,0.79,0.85,0.963,0.906
0.6<=kappa<0.8,unanimidad,faltante_como_error,C,Qwen,1131,0.498,0.638,0.88,0.759
0.6<=kappa<0.8,unanimidad,respondidas,C,Qwen,1005,0.802,0.856,0.97,0.913
0.6<=kappa<0.8,mayoria,faltante_como_error,A,Llama-70B,1172,0.287,0.599,0.616,0.607
0.6<=kappa<0.8,mayoria,respondidas,A,Llama-70B,765,0.798,0.778,0.969,0.873
0.6<=kappa<0.8,unanimidad,faltante_como_error,A,Llama-70B,1131,0.268,0.608,0.619,0.614
0.6<=kappa<0.8,unanimidad,respondidas,A,Llama-70B,739,0.798,0.775,0.973,0.874
0.6<=kappa<0.8,mayoria,faltante_como_error,B,Llama-70B,1172,0.636,0.822,0.886,0.854
0.6<=kappa<0.8,mayoria,respondidas,B,Llama-70B,1141,0.691,0.887,0.904,0.895
0.6<=kappa<0.8,unanimidad,faltante_como_error,B,Llama-70B,1131,0.639,0.838,0.898,0.868
0.6<=kappa<0.8,unanimidad,respondidas,B,Llama-70B,1102,0.699,0.901,0.916,0.909
0.6<=kappa<0.8,mayoria,faltante_como_error,C,Llama-70B,1172,0.442,0.711,0.775,0.743
0.6<=kappa<0.8,mayoria,respondidas,C,Llama-70B,979,0.73,0.878,0.924,0.901
0.6<=kappa<0.8,unanimidad,faltante_como_error,C,Llama-70B,1131,0.421,0.708,0.785,0.746
0.6<=kappa<0.8,unanimidad,respondidas,C,Llama-70B,945,0.733,0.893,0.933,0.913
kappa<0.6,mayoria,faltante_como_error,A,Gemma4,1322,0.667,0.947,0.901,0.924
kappa<0.6,mayoria,respondidas,A,Gemma4,1315,0.679,0.947,0.906,0.927
kappa<0.6,unanimidad,faltante_como_error,A,Gemma4,1272,0.654,0.981,0.909,0.945
kappa<0.6,unanimidad,respondidas,A,Gemma4,1265,0.669,0.981,0.915,0.948
kappa<0.6,mayoria,faltante_como_error,B,Gemma4,1322,0.634,0.932,0.888,0.91
kappa<0.6,mayoria,respondidas,B,Gemma4,1318,0.641,0.932,0.891,0.912
kappa<0.6,unanimidad,faltante_como_error,B,Gemma4,1272,0.618,0.971,0.896,0.933
kappa<0.6,unanimidad,respondidas,B,Gemma4,1268,0.625,0.971,0.899,0.935
kappa<0.6,mayoria,faltante_como_error,C,Gemma4,1322,0.592,0.856,0.885,0.87
kappa<0.6,mayoria,respondidas,C,Gemma4,1285,0.655,0.876,0.911,0.893
kappa<0.6,unanimidad,faltante_como_error,C,Gemma4,1272,0.578,0.894,0.893,0.894
kappa<0.6,unanimidad,respondidas,C,Gemma4,1235,0.653,0.921,0.92,0.92
kappa<0.6,mayoria,faltante_como_error,A,Qwen,1322,0.665,0.826,0.927,0.876
kappa<0.6,mayoria,respondidas,A,Qwen,1316,0.677,0.845,0.929,0.887
kappa<0.6,unanimidad,faltante_como_error,A,Qwen,1272,0.672,0.875,0.935,0.905
kappa<0.6,unanimidad,respondidas,A,Qwen,1267,0.684,0.892,0.937,0.915
kappa<0.6,mayoria,faltante_como_error,B,Qwen,1322,0.605,0.886,0.884,0.885
kappa<0.6,mayoria,respondidas,B,Qwen,1290,0.659,0.9,0.907,0.903
kappa<0.6,unanimidad,faltante_como_error,B,Qwen,1272,0.597,0.933,0.894,0.913
kappa<0.6,unanimidad,respondidas,B,Qwen,1244,0.653,0.942,0.915,0.928
kappa<0.6,mayoria,faltante_como_error,C,Qwen,1322,0.457,0.75,0.83,0.79
kappa<0.6,mayoria,respondidas,C,Qwen,1176,0.69,0.825,0.936,0.88
kappa<0.6,unanimidad,faltante_como_error,C,Qwen,1272,0.433,0.788,0.835,0.812
kappa<0.6,unanimidad,respondidas,C,Qwen,1131,0.689,0.872,0.94,0.906
kappa<0.6,mayoria,faltante_como_error,A,Llama-70B,1322,0.219,0.606,0.564,0.585
kappa<0.6,mayoria,respondidas,A,Llama-70B,809,0.734,0.784,0.949,0.867
kappa<0.6,unanimidad,faltante_como_error,A,Llama-70B,1272,0.201,0.654,0.567,0.61
kappa<0.6,unanimidad,respondidas,A,Llama-70B,774,0.756,0.84,0.955,0.897
kappa<0.6,mayoria,faltante_como_error,B,Llama-70B,1322,0.523,0.917,0.824,0.87
kappa<0.6,mayoria,respondidas,B,Llama-70B,1280,0.575,0.931,0.852,0.891
kappa<0.6,unanimidad,faltante_como_error,B,Llama-70B,1272,0.495,0.952,0.831,0.892
kappa<0.6,unanimidad,respondidas,B,Llama-70B,1231,0.552,0.971,0.86,0.915
kappa<0.6,mayoria,faltante_como_error,C,Llama-70B,1322,0.348,0.75,0.716,0.733
kappa<0.6,mayoria,respondidas,C,Llama-70B,1093,0.582,0.9,0.867,0.883
kappa<0.6,unanimidad,faltante_como_error,C,Llama-70B,1272,0.312,0.76,0.723,0.742
kappa<0.6,unanimidad,respondidas,C,Llama-70B,1050,0.556,0.929,0.876,0.903
