Bloque,n_campos,kappa_humano_prom,Estrategia,Modelo,n,f1,sensibilidad,especificidad,exactitud_balanceada
antecedentes,33,0.724,A,Gemma4,1381,0.895,0.949,0.975,0.962
antecedentes,33,0.724,B,Gemma4,1381,0.809,0.96,0.939,0.95
antecedentes,33,0.724,C,Gemma4,1381,0.766,0.909,0.932,0.921
antecedentes,33,0.724,A,Qwen,1381,0.852,0.869,0.975,0.922
antecedentes,33,0.724,B,Qwen,1381,0.844,0.903,0.965,0.934
antecedentes,33,0.724,C,Qwen,1381,0.615,0.784,0.888,0.836
antecedentes,33,0.724,A,Llama-70B,1381,0.581,0.818,0.854,0.836
antecedentes,33,0.724,B,Llama-70B,1381,0.752,0.886,0.931,0.909
antecedentes,33,0.724,C,Llama-70B,1381,0.494,0.75,0.812,0.781
complicaciones,4,0.487,A,Gemma4,164,0.545,0.9,0.909,0.905
complicaciones,4,0.487,B,Gemma4,164,0.593,0.8,0.942,0.871
complicaciones,4,0.487,C,Gemma4,164,0.414,0.6,0.916,0.758
complicaciones,4,0.487,A,Qwen,164,0.583,0.7,0.955,0.827
complicaciones,4,0.487,B,Qwen,164,0.5,0.8,0.909,0.855
complicaciones,4,0.487,C,Qwen,164,0.4,0.8,0.857,0.829
complicaciones,4,0.487,A,Llama-70B,164,0.667,0.7,0.974,0.837
complicaciones,4,0.487,B,Llama-70B,164,0.333,1.0,0.74,0.87
complicaciones,4,0.487,C,Llama-70B,164,0.25,0.9,0.656,0.778
egreso,1,0.709,A,Gemma4,43,0.667,0.667,0.975,0.821
egreso,1,0.709,B,Gemma4,43,0.571,0.667,0.95,0.808
egreso,1,0.709,C,Gemma4,43,0.571,0.667,0.95,0.808
egreso,1,0.709,A,Qwen,43,0.8,0.667,1.0,0.833
egreso,1,0.709,B,Qwen,43,1.0,1.0,1.0,1.0
egreso,1,0.709,C,Qwen,43,0.444,0.667,0.9,0.783
egreso,1,0.709,A,Llama-70B,43,0.667,0.667,0.975,0.821
egreso,1,0.709,B,Llama-70B,43,0.444,0.667,0.9,0.783
egreso,1,0.709,C,Llama-70B,43,0.267,0.667,0.75,0.708
falla,8,0.588,A,Gemma4,320,0.796,0.987,0.838,0.913
falla,8,0.588,B,Gemma4,320,0.796,0.987,0.838,0.913
falla,8,0.588,C,Gemma4,320,0.79,0.975,0.838,0.906
falla,8,0.588,A,Qwen,320,0.835,0.962,0.888,0.925
falla,8,0.588,B,Qwen,320,0.831,0.962,0.884,0.923
falla,8,0.588,C,Qwen,320,0.712,0.861,0.817,0.839
falla,8,0.588,A,Llama-70B,320,0.876,0.937,0.934,0.935
falla,8,0.588,B,Llama-70B,320,0.771,1.0,0.805,0.902
falla,8,0.588,C,Llama-70B,320,0.623,0.835,0.722,0.779
infecciones,19,0.603,A,Gemma4,777,0.782,0.964,0.918,0.941
infecciones,19,0.603,B,Gemma4,777,0.769,0.955,0.913,0.934
infecciones,19,0.603,C,Gemma4,777,0.708,0.836,0.913,0.875
infecciones,19,0.603,A,Qwen,777,0.754,0.864,0.93,0.897
infecciones,19,0.603,B,Qwen,777,0.728,0.936,0.895,0.916
infecciones,19,0.603,C,Qwen,777,0.527,0.673,0.855,0.764
infecciones,19,0.603,A,Llama-70B,777,0.197,0.555,0.328,0.441
infecciones,19,0.603,B,Llama-70B,777,0.543,0.773,0.823,0.798
infecciones,19,0.603,C,Llama-70B,777,0.404,0.691,0.715,0.703
soporte,25,0.633,A,Gemma4,1034,0.813,0.978,0.907,0.943
soporte,25,0.633,B,Gemma4,1034,0.813,0.973,0.908,0.941
soporte,25,0.633,C,Gemma4,1034,0.804,0.973,0.902,0.938
soporte,25,0.633,A,Qwen,1034,0.8,0.93,0.914,0.922
soporte,25,0.633,B,Qwen,1034,0.627,0.773,0.849,0.811
soporte,25,0.633,C,Qwen,1034,0.521,0.665,0.807,0.736
soporte,25,0.633,A,Llama-70B,1034,0.284,0.638,0.379,0.509
soporte,25,0.633,B,Llama-70B,1034,0.742,0.924,0.876,0.9
soporte,25,0.633,C,Llama-70B,1034,0.556,0.816,0.756,0.786
