Campo_especifico,Bloque,Tramo,Kappa_humano,Estrategia,Modelo,n_ref,cobertura_pct,eb_principal,f1_principal,eb_solo_validos,n_solo_validos
antecedentes.alergias,antecedentes,kappa>=0.8,1.0,A,Gemma4,42,100.0,1.0,1.0,1.0,40
antecedentes.alergias,antecedentes,kappa>=0.8,1.0,B,Gemma4,42,100.0,1.0,1.0,1.0,22
antecedentes.alergias,antecedentes,kappa>=0.8,1.0,C,Gemma4,42,97.6,0.987,0.889,1.0,29
antecedentes.alergias,antecedentes,kappa>=0.8,1.0,A,Qwen,42,100.0,1.0,1.0,1.0,23
antecedentes.alergias,antecedentes,kappa>=0.8,1.0,B,Qwen,42,100.0,1.0,1.0,1.0,13
antecedentes.alergias,antecedentes,kappa>=0.8,1.0,C,Qwen,42,88.1,0.934,0.615,1.0,22
antecedentes.alergias,antecedentes,kappa>=0.8,1.0,A,Llama-70B,42,100.0,0.947,0.667,,0
antecedentes.alergias,antecedentes,kappa>=0.8,1.0,B,Llama-70B,42,90.5,0.947,0.667,1.0,12
antecedentes.alergias,antecedentes,kappa>=0.8,1.0,C,Llama-70B,42,83.3,0.908,0.533,1.0,7
antecedentes.cardiovascular.arritmia_cronica,antecedentes,kappa>=0.8,0.833,A,Gemma4,43,100.0,0.987,0.909,0.986,41
antecedentes.cardiovascular.arritmia_cronica,antecedentes,kappa>=0.8,0.833,B,Gemma4,43,100.0,0.987,0.909,0.974,22
antecedentes.cardiovascular.arritmia_cronica,antecedentes,kappa>=0.8,0.833,C,Gemma4,43,97.7,0.987,0.909,1.0,30
antecedentes.cardiovascular.arritmia_cronica,antecedentes,kappa>=0.8,0.833,A,Qwen,43,100.0,0.987,0.909,0.978,24
antecedentes.cardiovascular.arritmia_cronica,antecedentes,kappa>=0.8,0.833,B,Qwen,43,100.0,0.987,0.909,1.0,13
antecedentes.cardiovascular.arritmia_cronica,antecedentes,kappa>=0.8,0.833,C,Qwen,43,90.7,0.847,0.615,0.977,23
antecedentes.cardiovascular.arritmia_cronica,antecedentes,kappa>=0.8,0.833,A,Llama-70B,43,100.0,0.987,0.909,,0
antecedentes.cardiovascular.arritmia_cronica,antecedentes,kappa>=0.8,0.833,B,Llama-70B,43,100.0,0.987,0.909,1.0,12
antecedentes.cardiovascular.arritmia_cronica,antecedentes,kappa>=0.8,0.833,C,Llama-70B,43,88.4,0.921,0.625,1.0,7
antecedentes.cardiovascular.enfermedad_coronaria,antecedentes,0.6<=kappa<0.8,0.705,A,Gemma4,43,100.0,1.0,1.0,1.0,41
antecedentes.cardiovascular.enfermedad_coronaria,antecedentes,0.6<=kappa<0.8,0.705,B,Gemma4,43,100.0,1.0,1.0,1.0,23
antecedentes.cardiovascular.enfermedad_coronaria,antecedentes,0.6<=kappa<0.8,0.705,C,Gemma4,43,97.7,0.987,0.889,1.0,30
antecedentes.cardiovascular.enfermedad_coronaria,antecedentes,0.6<=kappa<0.8,0.705,A,Qwen,43,100.0,0.987,0.889,0.978,24
antecedentes.cardiovascular.enfermedad_coronaria,antecedentes,0.6<=kappa<0.8,0.705,B,Qwen,43,100.0,0.987,0.889,1.0,13
antecedentes.cardiovascular.enfermedad_coronaria,antecedentes,0.6<=kappa<0.8,0.705,C,Qwen,43,90.7,0.936,0.615,1.0,23
antecedentes.cardiovascular.enfermedad_coronaria,antecedentes,0.6<=kappa<0.8,0.705,A,Llama-70B,43,100.0,0.862,0.75,,0
antecedentes.cardiovascular.enfermedad_coronaria,antecedentes,0.6<=kappa<0.8,0.705,B,Llama-70B,43,100.0,0.949,0.667,1.0,13
antecedentes.cardiovascular.enfermedad_coronaria,antecedentes,0.6<=kappa<0.8,0.705,C,Llama-70B,43,86.0,0.785,0.429,1.0,6
antecedentes.cardiovascular.hipertension_arterial,antecedentes,kappa>=0.8,0.875,A,Gemma4,41,100.0,0.957,0.947,0.977,39
antecedentes.cardiovascular.hipertension_arterial,antecedentes,kappa>=0.8,0.875,B,Gemma4,41,100.0,0.957,0.947,1.0,21
antecedentes.cardiovascular.hipertension_arterial,antecedentes,kappa>=0.8,0.875,C,Gemma4,41,97.6,0.978,0.973,1.0,29
antecedentes.cardiovascular.hipertension_arterial,antecedentes,kappa>=0.8,0.875,A,Qwen,41,100.0,1.0,1.0,1.0,23
antecedentes.cardiovascular.hipertension_arterial,antecedentes,kappa>=0.8,0.875,B,Qwen,41,100.0,0.978,0.973,1.0,12
antecedentes.cardiovascular.hipertension_arterial,antecedentes,kappa>=0.8,0.875,C,Qwen,41,90.2,0.901,0.889,1.0,22
antecedentes.cardiovascular.hipertension_arterial,antecedentes,kappa>=0.8,0.875,A,Llama-70B,41,100.0,1.0,1.0,,0
antecedentes.cardiovascular.hipertension_arterial,antecedentes,kappa>=0.8,0.875,B,Llama-70B,41,100.0,1.0,1.0,1.0,13
antecedentes.cardiovascular.hipertension_arterial,antecedentes,kappa>=0.8,0.875,C,Llama-70B,41,85.4,0.83,0.811,0.875,6
antecedentes.cardiovascular.insuficiencia_cardiaca,antecedentes,kappa>=0.8,1.0,A,Gemma4,44,100.0,1.0,1.0,1.0,42
antecedentes.cardiovascular.insuficiencia_cardiaca,antecedentes,kappa>=0.8,1.0,B,Gemma4,44,100.0,1.0,1.0,1.0,23
antecedentes.cardiovascular.insuficiencia_cardiaca,antecedentes,kappa>=0.8,1.0,C,Gemma4,44,97.7,0.988,0.889,1.0,31
antecedentes.cardiovascular.insuficiencia_cardiaca,antecedentes,kappa>=0.8,1.0,A,Qwen,44,100.0,1.0,1.0,1.0,25
antecedentes.cardiovascular.insuficiencia_cardiaca,antecedentes,kappa>=0.8,1.0,B,Qwen,44,100.0,1.0,1.0,1.0,13
antecedentes.cardiovascular.insuficiencia_cardiaca,antecedentes,kappa>=0.8,1.0,C,Qwen,44,90.9,0.838,0.6,1.0,24
antecedentes.cardiovascular.insuficiencia_cardiaca,antecedentes,kappa>=0.8,1.0,A,Llama-70B,44,100.0,1.0,1.0,,0
antecedentes.cardiovascular.insuficiencia_cardiaca,antecedentes,kappa>=0.8,1.0,B,Llama-70B,44,100.0,0.975,0.8,1.0,13
antecedentes.cardiovascular.insuficiencia_cardiaca,antecedentes,kappa>=0.8,1.0,C,Llama-70B,44,86.4,0.8,0.462,1.0,7
antecedentes.cardiovascular.valvulopatia_significativa,antecedentes,kappa<0.6,0.505,A,Gemma4,42,100.0,1.0,1.0,1.0,40
antecedentes.cardiovascular.valvulopatia_significativa,antecedentes,kappa<0.6,0.505,B,Gemma4,42,100.0,1.0,1.0,1.0,22
antecedentes.cardiovascular.valvulopatia_significativa,antecedentes,kappa<0.6,0.505,C,Gemma4,42,97.6,0.988,0.667,1.0,30
antecedentes.cardiovascular.valvulopatia_significativa,antecedentes,kappa<0.6,0.505,A,Qwen,42,100.0,0.976,0.5,0.978,24
antecedentes.cardiovascular.valvulopatia_significativa,antecedentes,kappa<0.6,0.505,B,Qwen,42,100.0,0.988,0.667,1.0,12
antecedentes.cardiovascular.valvulopatia_significativa,antecedentes,kappa<0.6,0.505,C,Qwen,42,90.5,0.951,0.333,1.0,23
antecedentes.cardiovascular.valvulopatia_significativa,antecedentes,kappa<0.6,0.505,A,Llama-70B,42,100.0,0.988,0.667,,0
antecedentes.cardiovascular.valvulopatia_significativa,antecedentes,kappa<0.6,0.505,B,Llama-70B,42,100.0,0.988,0.667,1.0,13
antecedentes.cardiovascular.valvulopatia_significativa,antecedentes,kappa<0.6,0.505,C,Llama-70B,42,85.7,0.927,0.25,1.0,6
antecedentes.dependencia_funcional,antecedentes,kappa<0.6,0.535,A,Gemma4,40,100.0,0.987,0.8,0.986,38
antecedentes.dependencia_funcional,antecedentes,kappa<0.6,0.535,B,Gemma4,40,100.0,0.987,0.8,0.974,20
antecedentes.dependencia_funcional,antecedentes,kappa<0.6,0.535,C,Gemma4,40,97.5,0.987,0.8,1.0,28
antecedentes.dependencia_funcional,antecedentes,kappa<0.6,0.535,A,Qwen,40,100.0,1.0,1.0,1.0,23
antecedentes.dependencia_funcional,antecedentes,kappa<0.6,0.535,B,Qwen,40,100.0,0.987,0.8,0.917,12
antecedentes.dependencia_funcional,antecedentes,kappa<0.6,0.535,C,Qwen,40,87.5,0.921,0.4,0.975,21
antecedentes.dependencia_funcional,antecedentes,kappa<0.6,0.535,A,Llama-70B,40,100.0,1.0,1.0,,0
antecedentes.dependencia_funcional,antecedentes,kappa<0.6,0.535,B,Llama-70B,40,90.0,0.947,0.5,1.0,11
antecedentes.dependencia_funcional,antecedentes,kappa<0.6,0.535,C,Llama-70B,40,80.0,0.895,0.333,1.0,6
antecedentes.habitos.alcohol,antecedentes,kappa>=0.8,0.874,A,Gemma4,41,100.0,0.984,0.952,0.984,40
antecedentes.habitos.alcohol,antecedentes,kappa>=0.8,0.874,B,Gemma4,41,100.0,0.984,0.952,1.0,22
antecedentes.habitos.alcohol,antecedentes,kappa>=0.8,0.874,C,Gemma4,41,97.6,0.968,0.909,0.976,30
antecedentes.habitos.alcohol,antecedentes,kappa>=0.8,0.874,A,Qwen,41,100.0,0.934,0.9,0.976,25
antecedentes.habitos.alcohol,antecedentes,kappa>=0.8,0.874,B,Qwen,41,100.0,0.95,0.947,1.0,12
antecedentes.habitos.alcohol,antecedentes,kappa>=0.8,0.874,C,Qwen,41,90.2,0.835,0.727,0.849,23
antecedentes.habitos.alcohol,antecedentes,kappa>=0.8,0.874,A,Llama-70B,41,100.0,0.868,0.8,,0
antecedentes.habitos.alcohol,antecedentes,kappa>=0.8,0.874,B,Llama-70B,41,95.1,0.902,0.818,0.917,12
antecedentes.habitos.alcohol,antecedentes,kappa>=0.8,0.874,C,Llama-70B,41,80.5,0.821,0.667,1.0,7
antecedentes.habitos.alcohol.carga,antecedentes,kappa<0.6,0.522,A,Gemma4,42,100.0,0.976,0.5,0.974,40
antecedentes.habitos.alcohol.carga,antecedentes,kappa<0.6,0.522,B,Gemma4,42,100.0,0.939,0.286,0.932,23
antecedentes.habitos.alcohol.carga,antecedentes,kappa<0.6,0.522,C,Gemma4,42,95.2,0.439,0.0,0.446,29
antecedentes.habitos.alcohol.carga,antecedentes,kappa<0.6,0.522,A,Qwen,42,100.0,0.5,0.0,0.5,25
antecedentes.habitos.alcohol.carga,antecedentes,kappa<0.6,0.522,B,Qwen,42,100.0,0.5,0.0,0.5,13
antecedentes.habitos.alcohol.carga,antecedentes,kappa<0.6,0.522,C,Qwen,42,90.5,0.451,0.0,1.0,24
antecedentes.habitos.alcohol.carga,antecedentes,kappa<0.6,0.522,A,Llama-70B,42,38.1,0.183,0.0,,0
antecedentes.habitos.alcohol.carga,antecedentes,kappa<0.6,0.522,B,Llama-70B,42,92.9,0.476,0.0,1.0,12
antecedentes.habitos.alcohol.carga,antecedentes,kappa<0.6,0.522,C,Llama-70B,42,81.0,0.402,0.0,1.0,7
antecedentes.habitos.otras_sustancias,antecedentes,kappa>=0.8,1.0,A,Gemma4,43,100.0,1.0,1.0,1.0,41
antecedentes.habitos.otras_sustancias,antecedentes,kappa>=0.8,1.0,B,Gemma4,43,100.0,1.0,1.0,1.0,22
antecedentes.habitos.otras_sustancias,antecedentes,kappa>=0.8,1.0,C,Gemma4,43,95.3,0.862,0.75,1.0,29
antecedentes.habitos.otras_sustancias,antecedentes,kappa>=0.8,1.0,A,Qwen,43,100.0,1.0,1.0,1.0,25
antecedentes.habitos.otras_sustancias,antecedentes,kappa>=0.8,1.0,B,Qwen,43,100.0,1.0,1.0,1.0,12
antecedentes.habitos.otras_sustancias,antecedentes,kappa>=0.8,1.0,C,Qwen,43,88.4,0.936,0.615,1.0,23
antecedentes.habitos.otras_sustancias,antecedentes,kappa>=0.8,1.0,A,Llama-70B,43,100.0,1.0,1.0,,0
antecedentes.habitos.otras_sustancias,antecedentes,kappa>=0.8,1.0,B,Llama-70B,43,93.0,0.962,0.727,1.0,12
antecedentes.habitos.otras_sustancias,antecedentes,kappa>=0.8,1.0,C,Llama-70B,43,81.4,0.772,0.4,0.5,7
antecedentes.habitos.tabaquismo,antecedentes,0.6<=kappa<0.8,0.716,A,Gemma4,41,100.0,1.0,1.0,1.0,41
antecedentes.habitos.tabaquismo,antecedentes,0.6<=kappa<0.8,0.716,B,Gemma4,41,100.0,1.0,1.0,1.0,22
antecedentes.habitos.tabaquismo,antecedentes,0.6<=kappa<0.8,0.716,C,Gemma4,41,97.6,0.986,0.923,1.0,30
antecedentes.habitos.tabaquismo,antecedentes,0.6<=kappa<0.8,0.716,A,Qwen,41,100.0,0.986,0.923,1.0,25
antecedentes.habitos.tabaquismo,antecedentes,0.6<=kappa<0.8,0.716,B,Qwen,41,100.0,1.0,1.0,1.0,12
antecedentes.habitos.tabaquismo,antecedentes,0.6<=kappa<0.8,0.716,C,Qwen,41,87.8,0.86,0.667,1.0,23
antecedentes.habitos.tabaquismo,antecedentes,0.6<=kappa<0.8,0.716,A,Llama-70B,41,100.0,0.971,0.857,,0
antecedentes.habitos.tabaquismo,antecedentes,0.6<=kappa<0.8,0.716,B,Llama-70B,41,92.7,0.79,0.615,0.833,12
antecedentes.habitos.tabaquismo,antecedentes,0.6<=kappa<0.8,0.716,C,Llama-70B,41,80.5,0.705,0.421,0.857,7
antecedentes.hepatico_digestivo.cirrosis,antecedentes,0.6<=kappa<0.8,0.793,A,Gemma4,41,100.0,0.971,0.875,0.969,39
antecedentes.hepatico_digestivo.cirrosis,antecedentes,0.6<=kappa<0.8,0.793,B,Gemma4,41,100.0,0.971,0.875,0.975,23
antecedentes.hepatico_digestivo.cirrosis,antecedentes,0.6<=kappa<0.8,0.793,C,Gemma4,41,100.0,0.971,0.875,0.96,30
antecedentes.hepatico_digestivo.cirrosis,antecedentes,0.6<=kappa<0.8,0.793,A,Qwen,41,100.0,0.971,0.875,0.952,24
antecedentes.hepatico_digestivo.cirrosis,antecedentes,0.6<=kappa<0.8,0.793,B,Qwen,41,100.0,0.971,0.875,1.0,13
antecedentes.hepatico_digestivo.cirrosis,antecedentes,0.6<=kappa<0.8,0.793,C,Qwen,41,95.1,0.884,0.75,0.955,24
antecedentes.hepatico_digestivo.cirrosis,antecedentes,0.6<=kappa<0.8,0.793,A,Llama-70B,41,100.0,0.971,0.875,,0
antecedentes.hepatico_digestivo.cirrosis,antecedentes,0.6<=kappa<0.8,0.793,B,Llama-70B,41,100.0,0.971,0.875,0.9,13
antecedentes.hepatico_digestivo.cirrosis,antecedentes,0.6<=kappa<0.8,0.793,C,Llama-70B,41,87.8,0.712,0.5,0.417,7
antecedentes.hepatico_digestivo.cirrosis.complicada,antecedentes,0.6<=kappa<0.8,0.632,A,Gemma4,41,100.0,0.973,0.8,0.971,39
antecedentes.hepatico_digestivo.cirrosis.complicada,antecedentes,0.6<=kappa<0.8,0.632,B,Gemma4,41,100.0,0.959,0.727,0.952,22
antecedentes.hepatico_digestivo.cirrosis.complicada,antecedentes,0.6<=kappa<0.8,0.632,C,Gemma4,41,100.0,0.973,0.8,0.963,30
antecedentes.hepatico_digestivo.cirrosis.complicada,antecedentes,0.6<=kappa<0.8,0.632,A,Qwen,41,100.0,0.946,0.667,0.935,25
antecedentes.hepatico_digestivo.cirrosis.complicada,antecedentes,0.6<=kappa<0.8,0.632,B,Qwen,41,100.0,0.959,0.727,1.0,13
antecedentes.hepatico_digestivo.cirrosis.complicada,antecedentes,0.6<=kappa<0.8,0.632,C,Qwen,41,95.1,0.946,0.667,0.957,24
antecedentes.hepatico_digestivo.cirrosis.complicada,antecedentes,0.6<=kappa<0.8,0.632,A,Llama-70B,41,12.2,0.179,0.053,,0
antecedentes.hepatico_digestivo.cirrosis.complicada,antecedentes,0.6<=kappa<0.8,0.632,B,Llama-70B,41,100.0,0.946,0.667,0.9,12
antecedentes.hepatico_digestivo.cirrosis.complicada,antecedentes,0.6<=kappa<0.8,0.632,C,Llama-70B,41,85.4,0.669,0.333,0.833,6
antecedentes.hepatico_digestivo.otra_hepatica_digestiva,antecedentes,0.6<=kappa<0.8,0.649,A,Gemma4,40,100.0,0.886,0.8,0.885,39
antecedentes.hepatico_digestivo.otra_hepatica_digestiva,antecedentes,0.6<=kappa<0.8,0.649,B,Gemma4,40,100.0,0.886,0.556,0.929,22
antecedentes.hepatico_digestivo.otra_hepatica_digestiva,antecedentes,0.6<=kappa<0.8,0.649,C,Gemma4,40,97.5,0.871,0.526,0.865,28
antecedentes.hepatico_digestivo.otra_hepatica_digestiva,antecedentes,0.6<=kappa<0.8,0.649,A,Qwen,40,100.0,0.5,0.0,0.5,22
antecedentes.hepatico_digestivo.otra_hepatica_digestiva,antecedentes,0.6<=kappa<0.8,0.649,B,Qwen,40,100.0,0.886,0.556,0.958,13
antecedentes.hepatico_digestivo.otra_hepatica_digestiva,antecedentes,0.6<=kappa<0.8,0.649,C,Qwen,40,90.0,0.671,0.353,0.671,21
antecedentes.hepatico_digestivo.otra_hepatica_digestiva,antecedentes,0.6<=kappa<0.8,0.649,A,Llama-70B,40,100.0,0.486,0.0,,0
antecedentes.hepatico_digestivo.otra_hepatica_digestiva,antecedentes,0.6<=kappa<0.8,0.649,B,Llama-70B,40,100.0,0.7,0.4,0.75,12
antecedentes.hepatico_digestivo.otra_hepatica_digestiva,antecedentes,0.6<=kappa<0.8,0.649,C,Llama-70B,40,87.5,0.571,0.25,0.833,6
antecedentes.hepatico_digestivo.trasplante_hepatico,antecedentes,0.6<=kappa<0.8,0.663,A,Gemma4,42,100.0,1.0,1.0,1.0,40
antecedentes.hepatico_digestivo.trasplante_hepatico,antecedentes,0.6<=kappa<0.8,0.663,B,Gemma4,42,100.0,1.0,1.0,1.0,23
antecedentes.hepatico_digestivo.trasplante_hepatico,antecedentes,0.6<=kappa<0.8,0.663,C,Gemma4,42,97.6,0.833,0.8,1.0,30
antecedentes.hepatico_digestivo.trasplante_hepatico,antecedentes,0.6<=kappa<0.8,0.663,A,Qwen,42,100.0,1.0,1.0,1.0,25
antecedentes.hepatico_digestivo.trasplante_hepatico,antecedentes,0.6<=kappa<0.8,0.663,B,Qwen,42,100.0,0.833,0.8,1.0,13
antecedentes.hepatico_digestivo.trasplante_hepatico,antecedentes,0.6<=kappa<0.8,0.663,C,Qwen,42,92.9,0.808,0.571,1.0,24
antecedentes.hepatico_digestivo.trasplante_hepatico,antecedentes,0.6<=kappa<0.8,0.663,A,Llama-70B,42,100.0,1.0,1.0,,0
antecedentes.hepatico_digestivo.trasplante_hepatico,antecedentes,0.6<=kappa<0.8,0.663,B,Llama-70B,42,100.0,0.974,0.75,0.955,12
antecedentes.hepatico_digestivo.trasplante_hepatico,antecedentes,0.6<=kappa<0.8,0.663,C,Llama-70B,42,85.7,0.769,0.4,1.0,7
antecedentes.inmunologico_reumatologico.autoinmune_tratamiento,antecedentes,0.6<=kappa<0.8,0.74,A,Gemma4,44,100.0,0.977,0.5,0.976,42
antecedentes.inmunologico_reumatologico.autoinmune_tratamiento,antecedentes,0.6<=kappa<0.8,0.74,B,Gemma4,44,100.0,0.977,0.5,1.0,23
antecedentes.inmunologico_reumatologico.autoinmune_tratamiento,antecedentes,0.6<=kappa<0.8,0.74,C,Gemma4,44,97.7,0.977,0.5,1.0,31
antecedentes.inmunologico_reumatologico.autoinmune_tratamiento,antecedentes,0.6<=kappa<0.8,0.74,A,Qwen,44,100.0,1.0,1.0,1.0,25
antecedentes.inmunologico_reumatologico.autoinmune_tratamiento,antecedentes,0.6<=kappa<0.8,0.74,B,Qwen,44,100.0,0.977,0.5,0.958,13
antecedentes.inmunologico_reumatologico.autoinmune_tratamiento,antecedentes,0.6<=kappa<0.8,0.74,C,Qwen,44,90.9,0.942,0.286,1.0,24
antecedentes.inmunologico_reumatologico.autoinmune_tratamiento,antecedentes,0.6<=kappa<0.8,0.74,A,Llama-70B,44,100.0,1.0,1.0,,0
antecedentes.inmunologico_reumatologico.autoinmune_tratamiento,antecedentes,0.6<=kappa<0.8,0.74,B,Llama-70B,44,100.0,1.0,1.0,1.0,13
antecedentes.inmunologico_reumatologico.autoinmune_tratamiento,antecedentes,0.6<=kappa<0.8,0.74,C,Llama-70B,44,86.4,0.442,0.0,1.0,7
antecedentes.metabolico_endocrino.diabetes_mellitus,antecedentes,kappa>=0.8,0.898,A,Gemma4,42,100.0,1.0,1.0,1.0,40
antecedentes.metabolico_endocrino.diabetes_mellitus,antecedentes,kappa>=0.8,0.898,B,Gemma4,42,100.0,1.0,1.0,1.0,21
antecedentes.metabolico_endocrino.diabetes_mellitus,antecedentes,kappa>=0.8,0.898,C,Gemma4,42,97.6,0.983,0.963,1.0,29
antecedentes.metabolico_endocrino.diabetes_mellitus,antecedentes,kappa>=0.8,0.898,A,Qwen,42,100.0,1.0,1.0,1.0,23
antecedentes.metabolico_endocrino.diabetes_mellitus,antecedentes,kappa>=0.8,0.898,B,Qwen,42,100.0,1.0,1.0,1.0,12
antecedentes.metabolico_endocrino.diabetes_mellitus,antecedentes,kappa>=0.8,0.898,C,Qwen,42,90.5,0.889,0.846,1.0,22
antecedentes.metabolico_endocrino.diabetes_mellitus,antecedentes,kappa>=0.8,0.898,A,Llama-70B,42,100.0,1.0,1.0,,0
antecedentes.metabolico_endocrino.diabetes_mellitus,antecedentes,kappa>=0.8,0.898,B,Llama-70B,42,100.0,1.0,1.0,1.0,13
antecedentes.metabolico_endocrino.diabetes_mellitus,antecedentes,kappa>=0.8,0.898,C,Llama-70B,42,85.7,0.858,0.774,1.0,7
antecedentes.metabolico_endocrino.diabetes_mellitus.complicada,antecedentes,0.6<=kappa<0.8,0.769,A,Gemma4,43,100.0,0.988,0.857,0.987,41
antecedentes.metabolico_endocrino.diabetes_mellitus.complicada,antecedentes,0.6<=kappa<0.8,0.769,B,Gemma4,43,100.0,0.95,0.6,0.952,23
antecedentes.metabolico_endocrino.diabetes_mellitus.complicada,antecedentes,0.6<=kappa<0.8,0.769,C,Gemma4,43,97.7,0.925,0.5,0.933,31
antecedentes.metabolico_endocrino.diabetes_mellitus.complicada,antecedentes,0.6<=kappa<0.8,0.769,A,Qwen,43,100.0,0.988,0.857,1.0,25
antecedentes.metabolico_endocrino.diabetes_mellitus.complicada,antecedentes,0.6<=kappa<0.8,0.769,B,Qwen,43,100.0,0.975,0.75,0.958,13
antecedentes.metabolico_endocrino.diabetes_mellitus.complicada,antecedentes,0.6<=kappa<0.8,0.769,C,Qwen,43,93.0,0.95,0.6,1.0,24
antecedentes.metabolico_endocrino.diabetes_mellitus.complicada,antecedentes,0.6<=kappa<0.8,0.769,A,Llama-70B,43,30.2,0.625,0.167,,0
antecedentes.metabolico_endocrino.diabetes_mellitus.complicada,antecedentes,0.6<=kappa<0.8,0.769,B,Llama-70B,43,100.0,1.0,1.0,1.0,13
antecedentes.metabolico_endocrino.diabetes_mellitus.complicada,antecedentes,0.6<=kappa<0.8,0.769,C,Llama-70B,43,86.0,0.912,0.462,1.0,7
antecedentes.metabolico_endocrino.diabetes_mellitus.no_especificada,antecedentes,kappa<0.6,0.211,A,Gemma4,42,100.0,1.0,1.0,1.0,40
antecedentes.metabolico_endocrino.diabetes_mellitus.no_especificada,antecedentes,kappa<0.6,0.211,B,Gemma4,42,100.0,1.0,1.0,1.0,21
antecedentes.metabolico_endocrino.diabetes_mellitus.no_especificada,antecedentes,kappa<0.6,0.211,C,Gemma4,42,97.6,0.988,0.667,1.0,29
antecedentes.metabolico_endocrino.diabetes_mellitus.no_especificada,antecedentes,kappa<0.6,0.211,A,Qwen,42,100.0,0.5,0.0,0.5,23
antecedentes.metabolico_endocrino.diabetes_mellitus.no_especificada,antecedentes,kappa<0.6,0.211,B,Qwen,42,100.0,0.5,0.0,0.5,12
antecedentes.metabolico_endocrino.diabetes_mellitus.no_especificada,antecedentes,kappa<0.6,0.211,C,Qwen,42,90.5,0.951,0.333,1.0,22
antecedentes.metabolico_endocrino.diabetes_mellitus.no_especificada,antecedentes,kappa<0.6,0.211,A,Llama-70B,42,28.6,0.134,0.0,,0
antecedentes.metabolico_endocrino.diabetes_mellitus.no_especificada,antecedentes,kappa<0.6,0.211,B,Llama-70B,42,100.0,0.5,0.0,1.0,13
antecedentes.metabolico_endocrino.diabetes_mellitus.no_especificada,antecedentes,kappa<0.6,0.211,C,Llama-70B,42,85.7,0.415,0.0,1.0,7
antecedentes.metabolico_endocrino.diabetes_mellitus.tipo_2,antecedentes,kappa>=0.8,0.925,A,Gemma4,44,97.7,0.985,0.957,1.0,41
antecedentes.metabolico_endocrino.diabetes_mellitus.tipo_2,antecedentes,kappa>=0.8,0.925,B,Gemma4,44,97.7,0.985,0.957,1.0,22
antecedentes.metabolico_endocrino.diabetes_mellitus.tipo_2,antecedentes,kappa>=0.8,0.925,C,Gemma4,44,95.5,0.97,0.917,1.0,30
antecedentes.metabolico_endocrino.diabetes_mellitus.tipo_2,antecedentes,kappa>=0.8,0.925,A,Qwen,44,100.0,0.97,0.917,0.952,25
antecedentes.metabolico_endocrino.diabetes_mellitus.tipo_2,antecedentes,kappa>=0.8,0.925,B,Qwen,44,100.0,0.955,0.88,0.955,13
antecedentes.metabolico_endocrino.diabetes_mellitus.tipo_2,antecedentes,kappa>=0.8,0.925,C,Qwen,44,90.9,0.864,0.783,0.975,24
antecedentes.metabolico_endocrino.diabetes_mellitus.tipo_2,antecedentes,kappa>=0.8,0.925,A,Llama-70B,44,34.1,0.485,0.385,,0
antecedentes.metabolico_endocrino.diabetes_mellitus.tipo_2,antecedentes,kappa>=0.8,0.925,B,Llama-70B,44,97.7,0.939,0.846,1.0,13
antecedentes.metabolico_endocrino.diabetes_mellitus.tipo_2,antecedentes,kappa>=0.8,0.925,C,Llama-70B,44,86.4,0.833,0.69,1.0,7
antecedentes.metabolico_endocrino.dislipidemia,antecedentes,0.6<=kappa<0.8,0.768,A,Gemma4,42,100.0,1.0,1.0,1.0,40
antecedentes.metabolico_endocrino.dislipidemia,antecedentes,0.6<=kappa<0.8,0.768,B,Gemma4,42,100.0,0.961,0.727,0.975,22
antecedentes.metabolico_endocrino.dislipidemia,antecedentes,0.6<=kappa<0.8,0.768,C,Gemma4,42,97.6,0.947,0.667,0.948,31
antecedentes.metabolico_endocrino.dislipidemia,antecedentes,0.6<=kappa<0.8,0.768,A,Qwen,42,100.0,0.974,0.8,0.955,25
antecedentes.metabolico_endocrino.dislipidemia,antecedentes,0.6<=kappa<0.8,0.768,B,Qwen,42,100.0,0.947,0.667,0.955,12
antecedentes.metabolico_endocrino.dislipidemia,antecedentes,0.6<=kappa<0.8,0.768,C,Qwen,42,90.5,0.921,0.571,0.977,24
antecedentes.metabolico_endocrino.dislipidemia,antecedentes,0.6<=kappa<0.8,0.768,A,Llama-70B,42,100.0,1.0,1.0,,0
antecedentes.metabolico_endocrino.dislipidemia,antecedentes,0.6<=kappa<0.8,0.768,B,Llama-70B,42,100.0,1.0,1.0,1.0,13
antecedentes.metabolico_endocrino.dislipidemia,antecedentes,0.6<=kappa<0.8,0.768,C,Llama-70B,42,85.7,0.684,0.364,1.0,7
antecedentes.metabolico_endocrino.hipotiroidismo,antecedentes,kappa>=0.8,0.846,A,Gemma4,43,100.0,1.0,1.0,1.0,41
antecedentes.metabolico_endocrino.hipotiroidismo,antecedentes,kappa>=0.8,0.846,B,Gemma4,43,100.0,1.0,1.0,1.0,23
antecedentes.metabolico_endocrino.hipotiroidismo,antecedentes,kappa>=0.8,0.846,C,Gemma4,43,97.7,0.988,0.857,1.0,31
antecedentes.metabolico_endocrino.hipotiroidismo,antecedentes,kappa>=0.8,0.846,A,Qwen,43,100.0,1.0,1.0,1.0,25
antecedentes.metabolico_endocrino.hipotiroidismo,antecedentes,kappa>=0.8,0.846,B,Qwen,43,100.0,1.0,1.0,1.0,13
antecedentes.metabolico_endocrino.hipotiroidismo,antecedentes,kappa>=0.8,0.846,C,Qwen,43,90.7,0.95,0.6,1.0,24
antecedentes.metabolico_endocrino.hipotiroidismo,antecedentes,kappa>=0.8,0.846,A,Llama-70B,43,100.0,0.988,0.857,,0
antecedentes.metabolico_endocrino.hipotiroidismo,antecedentes,kappa>=0.8,0.846,B,Llama-70B,43,100.0,1.0,1.0,1.0,13
antecedentes.metabolico_endocrino.hipotiroidismo,antecedentes,kappa>=0.8,0.846,C,Llama-70B,43,86.0,0.771,0.4,1.0,7
antecedentes.metabolico_endocrino.obesidad,antecedentes,kappa>=0.8,1.0,A,Gemma4,43,100.0,0.988,0.857,0.987,41
antecedentes.metabolico_endocrino.obesidad,antecedentes,kappa>=0.8,1.0,B,Gemma4,43,100.0,0.988,0.857,0.976,23
antecedentes.metabolico_endocrino.obesidad,antecedentes,kappa>=0.8,1.0,C,Gemma4,43,97.7,0.975,0.75,0.983,30
antecedentes.metabolico_endocrino.obesidad,antecedentes,kappa>=0.8,1.0,A,Qwen,43,100.0,1.0,1.0,1.0,24
antecedentes.metabolico_endocrino.obesidad,antecedentes,kappa>=0.8,1.0,B,Qwen,43,100.0,0.988,0.857,0.923,13
antecedentes.metabolico_endocrino.obesidad,antecedentes,kappa>=0.8,1.0,C,Qwen,43,90.7,0.783,0.444,1.0,23
antecedentes.metabolico_endocrino.obesidad,antecedentes,kappa>=0.8,1.0,A,Llama-70B,43,100.0,0.988,0.857,,0
antecedentes.metabolico_endocrino.obesidad,antecedentes,kappa>=0.8,1.0,B,Llama-70B,43,100.0,0.988,0.857,0.923,13
antecedentes.metabolico_endocrino.obesidad,antecedentes,kappa>=0.8,1.0,C,Llama-70B,43,88.4,0.938,0.545,1.0,7
antecedentes.metabolico_endocrino.otra_metabolica_endocrina,antecedentes,kappa>=0.8,0.861,A,Gemma4,43,100.0,1.0,1.0,1.0,41
antecedentes.metabolico_endocrino.otra_metabolica_endocrina,antecedentes,kappa>=0.8,0.861,B,Gemma4,43,100.0,0.838,0.316,0.591,22
antecedentes.metabolico_endocrino.otra_metabolica_endocrina,antecedentes,kappa>=0.8,0.861,C,Gemma4,43,97.7,0.95,0.6,0.966,30
antecedentes.metabolico_endocrino.otra_metabolica_endocrina,antecedentes,kappa>=0.8,0.861,A,Qwen,43,100.0,0.833,0.8,0.75,24
antecedentes.metabolico_endocrino.otra_metabolica_endocrina,antecedentes,kappa>=0.8,0.861,B,Qwen,43,100.0,0.833,0.8,1.0,12
antecedentes.metabolico_endocrino.otra_metabolica_endocrina,antecedentes,kappa>=0.8,0.861,C,Qwen,43,90.7,0.771,0.4,0.978,24
antecedentes.metabolico_endocrino.otra_metabolica_endocrina,antecedentes,kappa>=0.8,0.861,A,Llama-70B,43,100.0,0.488,0.0,,0
antecedentes.metabolico_endocrino.otra_metabolica_endocrina,antecedentes,kappa>=0.8,0.861,B,Llama-70B,43,100.0,0.488,0.0,1.0,12
antecedentes.metabolico_endocrino.otra_metabolica_endocrina,antecedentes,kappa>=0.8,0.861,C,Llama-70B,43,88.4,0.45,0.0,1.0,7
antecedentes.neurologico.otra_neurologica,antecedentes,kappa>=0.8,0.846,A,Gemma4,43,100.0,0.667,0.5,0.667,41
antecedentes.neurologico.otra_neurologica,antecedentes,kappa>=0.8,0.846,B,Gemma4,43,100.0,0.667,0.5,1.0,23
antecedentes.neurologico.otra_neurologica,antecedentes,kappa>=0.8,0.846,C,Gemma4,43,97.7,0.808,0.571,0.815,30
antecedentes.neurologico.otra_neurologica,antecedentes,kappa>=0.8,0.846,A,Qwen,43,100.0,0.833,0.8,1.0,24
antecedentes.neurologico.otra_neurologica,antecedentes,kappa>=0.8,0.846,B,Qwen,43,100.0,0.833,0.8,1.0,12
antecedentes.neurologico.otra_neurologica,antecedentes,kappa>=0.8,0.846,C,Qwen,43,90.7,0.45,0.0,0.5,23
antecedentes.neurologico.otra_neurologica,antecedentes,kappa>=0.8,0.846,A,Llama-70B,43,100.0,0.654,0.4,,0
antecedentes.neurologico.otra_neurologica,antecedentes,kappa>=0.8,0.846,B,Llama-70B,43,100.0,0.5,0.0,0.5,13
antecedentes.neurologico.otra_neurologica,antecedentes,kappa>=0.8,0.846,C,Llama-70B,43,86.0,0.425,0.0,1.0,6
antecedentes.oncologico_hematologico.neoplasia_solida_activa,antecedentes,kappa<0.6,0.396,A,Gemma4,41,97.6,0.938,0.286,0.946,38
antecedentes.oncologico_hematologico.neoplasia_solida_activa,antecedentes,kappa<0.6,0.396,B,Gemma4,41,97.6,0.938,0.286,1.0,22
antecedentes.oncologico_hematologico.neoplasia_solida_activa,antecedentes,kappa<0.6,0.396,C,Gemma4,41,95.1,0.925,0.25,0.893,28
antecedentes.oncologico_hematologico.neoplasia_solida_activa,antecedentes,kappa<0.6,0.396,A,Qwen,41,100.0,0.962,0.4,0.875,24
antecedentes.oncologico_hematologico.neoplasia_solida_activa,antecedentes,kappa<0.6,0.396,B,Qwen,41,97.6,0.962,0.4,1.0,12
antecedentes.oncologico_hematologico.neoplasia_solida_activa,antecedentes,kappa<0.6,0.396,C,Qwen,41,90.2,0.925,0.25,0.913,23
antecedentes.oncologico_hematologico.neoplasia_solida_activa,antecedentes,kappa<0.6,0.396,A,Llama-70B,41,100.0,0.95,0.333,,0
antecedentes.oncologico_hematologico.neoplasia_solida_activa,antecedentes,kappa<0.6,0.396,B,Llama-70B,41,100.0,0.962,0.4,1.0,13
antecedentes.oncologico_hematologico.neoplasia_solida_activa,antecedentes,kappa<0.6,0.396,C,Llama-70B,41,85.4,0.875,0.167,0.714,7
antecedentes.oncologico_hematologico.otra_oncologica_hematologica,antecedentes,0.6<=kappa<0.8,0.69,A,Gemma4,42,100.0,0.5,0.0,0.5,40
antecedentes.oncologico_hematologico.otra_oncologica_hematologica,antecedentes,0.6<=kappa<0.8,0.69,B,Gemma4,42,100.0,0.625,0.4,1.0,23
antecedentes.oncologico_hematologico.otra_oncologica_hematologica,antecedentes,0.6<=kappa<0.8,0.69,C,Gemma4,42,97.6,0.487,0.0,0.5,29
antecedentes.oncologico_hematologico.otra_oncologica_hematologica,antecedentes,0.6<=kappa<0.8,0.69,A,Qwen,42,100.0,0.5,0.0,0.5,24
antecedentes.oncologico_hematologico.otra_oncologica_hematologica,antecedentes,0.6<=kappa<0.8,0.69,B,Qwen,42,100.0,0.5,0.0,1.0,12
antecedentes.oncologico_hematologico.otra_oncologica_hematologica,antecedentes,0.6<=kappa<0.8,0.69,C,Qwen,42,90.5,0.447,0.0,0.5,23
antecedentes.oncologico_hematologico.otra_oncologica_hematologica,antecedentes,0.6<=kappa<0.8,0.69,A,Llama-70B,42,100.0,0.5,0.0,,0
antecedentes.oncologico_hematologico.otra_oncologica_hematologica,antecedentes,0.6<=kappa<0.8,0.69,B,Llama-70B,42,100.0,0.5,0.0,1.0,13
antecedentes.oncologico_hematologico.otra_oncologica_hematologica,antecedentes,0.6<=kappa<0.8,0.69,C,Llama-70B,42,85.7,0.434,0.0,0.5,6
antecedentes.otro_antecedente_medico,antecedentes,0.6<=kappa<0.8,0.624,A,Gemma4,40,100.0,0.986,0.909,0.985,39
antecedentes.otro_antecedente_medico,antecedentes,0.6<=kappa<0.8,0.624,B,Gemma4,40,100.0,0.829,0.455,0.889,22
antecedentes.otro_antecedente_medico,antecedentes,0.6<=kappa<0.8,0.624,C,Gemma4,40,97.5,0.543,0.2,0.462,30
antecedentes.otro_antecedente_medico,antecedentes,0.6<=kappa<0.8,0.624,A,Qwen,40,100.0,0.471,0.0,0.476,24
antecedentes.otro_antecedente_medico,antecedentes,0.6<=kappa<0.8,0.624,B,Qwen,40,100.0,0.557,0.222,0.5,12
antecedentes.otro_antecedente_medico,antecedentes,0.6<=kappa<0.8,0.624,C,Qwen,40,92.5,0.557,0.222,0.5,23
antecedentes.otro_antecedente_medico,antecedentes,0.6<=kappa<0.8,0.624,A,Llama-70B,40,100.0,0.5,0.0,,0
antecedentes.otro_antecedente_medico,antecedentes,0.6<=kappa<0.8,0.624,B,Llama-70B,40,100.0,0.643,0.286,0.708,13
antecedentes.otro_antecedente_medico,antecedentes,0.6<=kappa<0.8,0.624,C,Llama-70B,40,85.0,0.686,0.312,0.333,6
antecedentes.psiquiatrico.uso_cronico_psicofarmacos,antecedentes,kappa<0.6,0.466,A,Gemma4,41,100.0,0.923,0.4,0.932,39
antecedentes.psiquiatrico.uso_cronico_psicofarmacos,antecedentes,kappa<0.6,0.466,B,Gemma4,41,100.0,0.936,0.444,0.81,21
antecedentes.psiquiatrico.uso_cronico_psicofarmacos,antecedentes,kappa<0.6,0.466,C,Gemma4,41,97.6,0.91,0.364,0.907,28
antecedentes.psiquiatrico.uso_cronico_psicofarmacos,antecedentes,kappa<0.6,0.466,A,Qwen,41,100.0,0.724,0.4,0.955,22
antecedentes.psiquiatrico.uso_cronico_psicofarmacos,antecedentes,kappa<0.6,0.466,B,Qwen,41,100.0,0.962,0.571,0.909,11
antecedentes.psiquiatrico.uso_cronico_psicofarmacos,antecedentes,kappa<0.6,0.466,C,Qwen,41,90.2,0.462,0.0,0.952,21
antecedentes.psiquiatrico.uso_cronico_psicofarmacos,antecedentes,kappa<0.6,0.466,A,Llama-70B,41,100.0,0.962,0.571,,0
antecedentes.psiquiatrico.uso_cronico_psicofarmacos,antecedentes,kappa<0.6,0.466,B,Llama-70B,41,100.0,0.936,0.444,0.9,11
antecedentes.psiquiatrico.uso_cronico_psicofarmacos,antecedentes,kappa<0.6,0.466,C,Llama-70B,41,85.4,0.846,0.25,1.0,7
antecedentes.pulmonar.otra_respiratoria,antecedentes,kappa<0.6,0.588,A,Gemma4,42,100.0,0.75,0.667,0.75,40
antecedentes.pulmonar.otra_respiratoria,antecedentes,kappa<0.6,0.588,B,Gemma4,42,100.0,0.75,0.667,0.5,21
antecedentes.pulmonar.otra_respiratoria,antecedentes,kappa<0.6,0.588,C,Gemma4,42,97.6,0.488,0.0,0.5,29
antecedentes.pulmonar.otra_respiratoria,antecedentes,kappa<0.6,0.588,A,Qwen,42,100.0,0.5,0.0,0.5,23
antecedentes.pulmonar.otra_respiratoria,antecedentes,kappa<0.6,0.588,B,Qwen,42,100.0,0.5,0.0,0.5,13
antecedentes.pulmonar.otra_respiratoria,antecedentes,kappa<0.6,0.588,C,Qwen,42,90.5,0.462,0.0,0.5,22
antecedentes.pulmonar.otra_respiratoria,antecedentes,kappa<0.6,0.588,A,Llama-70B,42,100.0,0.5,0.0,,0
antecedentes.pulmonar.otra_respiratoria,antecedentes,kappa<0.6,0.588,B,Llama-70B,42,100.0,0.5,0.0,0.5,11
antecedentes.pulmonar.otra_respiratoria,antecedentes,kappa<0.6,0.588,C,Llama-70B,42,88.1,0.438,0.0,1.0,7
antecedentes.quirurgicos,antecedentes,kappa<0.6,0.571,A,Gemma4,36,100.0,0.917,0.984,0.917,34
antecedentes.quirurgicos,antecedentes,kappa<0.6,0.571,B,Gemma4,36,100.0,0.917,0.984,1.0,18
antecedentes.quirurgicos,antecedentes,kappa<0.6,0.571,C,Gemma4,36,97.2,0.883,0.949,0.917,25
antecedentes.quirurgicos,antecedentes,kappa<0.6,0.571,A,Qwen,36,100.0,0.833,0.968,0.75,21
antecedentes.quirurgicos,antecedentes,kappa<0.6,0.571,B,Qwen,36,100.0,0.833,0.968,0.75,10
antecedentes.quirurgicos,antecedentes,kappa<0.6,0.571,C,Qwen,36,91.7,0.85,0.912,0.875,20
antecedentes.quirurgicos,antecedentes,kappa<0.6,0.571,A,Llama-70B,36,100.0,0.9,0.967,,0
antecedentes.quirurgicos,antecedentes,kappa<0.6,0.571,B,Llama-70B,36,100.0,0.833,0.968,1.0,9
antecedentes.quirurgicos,antecedentes,kappa<0.6,0.571,C,Llama-70B,36,88.9,0.85,0.912,1.0,5
antecedentes.renal.enfermedad_renal_cronica,antecedentes,kappa>=0.8,0.864,A,Gemma4,42,100.0,1.0,1.0,1.0,40
antecedentes.renal.enfermedad_renal_cronica,antecedentes,kappa>=0.8,0.864,B,Gemma4,42,100.0,0.985,0.941,0.972,21
antecedentes.renal.enfermedad_renal_cronica,antecedentes,kappa>=0.8,0.864,C,Gemma4,42,97.6,0.941,0.8,0.958,29
antecedentes.renal.enfermedad_renal_cronica,antecedentes,kappa>=0.8,0.864,A,Qwen,42,100.0,0.941,0.8,0.975,23
antecedentes.renal.enfermedad_renal_cronica,antecedentes,kappa>=0.8,0.864,B,Qwen,42,100.0,0.985,0.941,0.955,12
antecedentes.renal.enfermedad_renal_cronica,antecedentes,kappa>=0.8,0.864,C,Qwen,42,90.5,0.849,0.667,0.976,23
antecedentes.renal.enfermedad_renal_cronica,antecedentes,kappa>=0.8,0.864,A,Llama-70B,42,100.0,1.0,1.0,,0
antecedentes.renal.enfermedad_renal_cronica,antecedentes,kappa>=0.8,0.864,B,Llama-70B,42,100.0,1.0,1.0,1.0,13
antecedentes.renal.enfermedad_renal_cronica,antecedentes,kappa>=0.8,0.864,C,Llama-70B,42,85.7,0.864,0.7,1.0,6
antecedentes.renal.otra_renal,antecedentes,kappa<0.6,0.522,A,Gemma4,42,100.0,0.5,0.0,0.5,40
antecedentes.renal.otra_renal,antecedentes,kappa<0.6,0.522,B,Gemma4,42,100.0,0.476,0.0,0.957,23
antecedentes.renal.otra_renal,antecedentes,kappa<0.6,0.522,C,Gemma4,42,97.6,0.951,0.333,0.964,29
antecedentes.renal.otra_renal,antecedentes,kappa<0.6,0.522,A,Qwen,42,100.0,0.5,0.0,0.5,24
antecedentes.renal.otra_renal,antecedentes,kappa<0.6,0.522,B,Qwen,42,100.0,0.5,0.0,1.0,13
antecedentes.renal.otra_renal,antecedentes,kappa<0.6,0.522,C,Qwen,42,90.5,0.951,0.333,1.0,23
antecedentes.renal.otra_renal,antecedentes,kappa<0.6,0.522,A,Llama-70B,42,100.0,0.5,0.0,,0
antecedentes.renal.otra_renal,antecedentes,kappa<0.6,0.522,B,Llama-70B,42,100.0,0.5,0.0,1.0,13
antecedentes.renal.otra_renal,antecedentes,kappa<0.6,0.522,C,Llama-70B,42,85.7,0.427,0.0,1.0,6
complicaciones.debilidad_adquirida,complicaciones,kappa<0.6,0.535,A,Gemma4,42,100.0,0.962,0.571,0.961,40
complicaciones.debilidad_adquirida,complicaciones,kappa<0.6,0.535,B,Gemma4,42,100.0,0.988,0.8,1.0,22
complicaciones.debilidad_adquirida,complicaciones,kappa<0.6,0.535,C,Gemma4,42,97.6,0.975,0.667,1.0,31
complicaciones.debilidad_adquirida,complicaciones,kappa<0.6,0.535,A,Qwen,42,100.0,0.738,0.5,0.479,25
complicaciones.debilidad_adquirida,complicaciones,kappa<0.6,0.535,B,Qwen,42,100.0,0.988,0.8,1.0,13
complicaciones.debilidad_adquirida,complicaciones,kappa<0.6,0.535,C,Qwen,42,92.9,0.95,0.5,1.0,24
complicaciones.debilidad_adquirida,complicaciones,kappa<0.6,0.535,A,Llama-70B,42,100.0,0.975,0.667,,0
complicaciones.debilidad_adquirida,complicaciones,kappa<0.6,0.535,B,Llama-70B,42,100.0,0.9,0.333,0.769,13
complicaciones.debilidad_adquirida,complicaciones,kappa<0.6,0.535,C,Llama-70B,42,85.7,0.85,0.25,0.857,7
complicaciones.delirium,complicaciones,0.6<=kappa<0.8,0.788,A,Gemma4,42,100.0,0.987,0.889,0.986,41
complicaciones.delirium,complicaciones,0.6<=kappa<0.8,0.788,B,Gemma4,42,100.0,0.987,0.889,0.974,23
complicaciones.delirium,complicaciones,0.6<=kappa<0.8,0.788,C,Gemma4,42,97.6,0.849,0.667,0.983,31
complicaciones.delirium,complicaciones,0.6<=kappa<0.8,0.788,A,Qwen,42,100.0,0.974,0.8,0.957,25
complicaciones.delirium,complicaciones,0.6<=kappa<0.8,0.788,B,Qwen,42,100.0,0.882,0.471,0.85,13
complicaciones.delirium,complicaciones,0.6<=kappa<0.8,0.788,C,Qwen,42,92.9,0.908,0.533,0.932,24
complicaciones.delirium,complicaciones,0.6<=kappa<0.8,0.788,A,Llama-70B,42,100.0,0.974,0.8,,0
complicaciones.delirium,complicaciones,0.6<=kappa<0.8,0.788,B,Llama-70B,42,100.0,0.842,0.4,0.538,13
complicaciones.delirium,complicaciones,0.6<=kappa<0.8,0.788,C,Llama-70B,42,85.7,0.816,0.364,0.857,7
complicaciones.lesiones_presion,complicaciones,0.6<=kappa<0.8,0.601,A,Gemma4,43,100.0,1.0,1.0,1.0,41
complicaciones.lesiones_presion,complicaciones,0.6<=kappa<0.8,0.601,B,Gemma4,43,100.0,1.0,1.0,1.0,22
complicaciones.lesiones_presion,complicaciones,0.6<=kappa<0.8,0.601,C,Gemma4,43,97.7,0.738,0.5,1.0,30
complicaciones.lesiones_presion,complicaciones,0.6<=kappa<0.8,0.601,A,Qwen,43,100.0,1.0,1.0,1.0,24
complicaciones.lesiones_presion,complicaciones,0.6<=kappa<0.8,0.601,B,Qwen,43,100.0,1.0,1.0,1.0,12
complicaciones.lesiones_presion,complicaciones,0.6<=kappa<0.8,0.601,C,Qwen,43,90.7,0.951,0.5,1.0,23
complicaciones.lesiones_presion,complicaciones,0.6<=kappa<0.8,0.601,A,Llama-70B,43,100.0,0.75,0.667,,0
complicaciones.lesiones_presion,complicaciones,0.6<=kappa<0.8,0.601,B,Llama-70B,43,100.0,1.0,1.0,1.0,12
complicaciones.lesiones_presion,complicaciones,0.6<=kappa<0.8,0.601,C,Llama-70B,43,86.0,0.927,0.4,1.0,7
complicaciones.otra,complicaciones,kappa<0.6,0.025,A,Gemma4,37,100.0,0.607,0.154,0.598,35
complicaciones.otra,complicaciones,kappa<0.6,0.025,B,Gemma4,37,100.0,0.4,0.0,0.353,18
complicaciones.otra,complicaciones,kappa<0.6,0.025,C,Gemma4,37,97.3,0.386,0.0,0.423,27
complicaciones.otra,complicaciones,kappa<0.6,0.025,A,Qwen,37,100.0,0.443,0.0,0.429,22
complicaciones.otra,complicaciones,kappa<0.6,0.025,B,Qwen,37,100.0,0.443,0.0,0.667,9
complicaciones.otra,complicaciones,kappa<0.6,0.025,C,Qwen,37,91.9,0.4,0.0,0.905,21
complicaciones.otra,complicaciones,kappa<0.6,0.025,A,Llama-70B,37,100.0,0.5,0.0,,0
complicaciones.otra,complicaciones,kappa<0.6,0.025,B,Llama-70B,37,100.0,0.714,0.167,0.333,9
complicaciones.otra,complicaciones,kappa<0.6,0.025,C,Llama-70B,37,86.5,0.45,0.083,0.571,7
egreso.reingreso_upc,egreso,0.6<=kappa<0.8,0.709,A,Gemma4,43,100.0,0.821,0.667,0.987,41
egreso.reingreso_upc,egreso,0.6<=kappa<0.8,0.709,B,Gemma4,43,97.7,0.808,0.571,0.975,22
egreso.reingreso_upc,egreso,0.6<=kappa<0.8,0.709,C,Gemma4,43,95.3,0.808,0.571,1.0,30
egreso.reingreso_upc,egreso,0.6<=kappa<0.8,0.709,A,Qwen,43,100.0,0.833,0.8,1.0,24
egreso.reingreso_upc,egreso,0.6<=kappa<0.8,0.709,B,Qwen,43,100.0,1.0,1.0,1.0,12
egreso.reingreso_upc,egreso,0.6<=kappa<0.8,0.709,C,Qwen,43,90.7,0.783,0.444,1.0,23
egreso.reingreso_upc,egreso,0.6<=kappa<0.8,0.709,A,Llama-70B,43,100.0,0.821,0.667,,0
egreso.reingreso_upc,egreso,0.6<=kappa<0.8,0.709,B,Llama-70B,43,100.0,0.783,0.444,1.0,13
egreso.reingreso_upc,egreso,0.6<=kappa<0.8,0.709,C,Llama-70B,43,79.1,0.708,0.267,1.0,7
falla.hematologica,falla,kappa<0.6,0.41,A,Gemma4,39,100.0,0.841,0.625,0.852,37
falla.hematologica,falla,kappa<0.6,0.41,B,Gemma4,39,100.0,0.886,0.769,0.816,21
falla.hematologica,falla,kappa<0.6,0.41,C,Gemma4,39,97.4,0.803,0.667,0.9,30
falla.hematologica,falla,kappa<0.6,0.41,A,Qwen,39,100.0,0.75,0.667,1.0,23
falla.hematologica,falla,kappa<0.6,0.41,B,Qwen,39,100.0,0.75,0.667,1.0,12
falla.hematologica,falla,kappa<0.6,0.41,C,Qwen,39,94.9,0.803,0.667,1.0,23
falla.hematologica,falla,kappa<0.6,0.41,A,Llama-70B,39,100.0,0.75,0.667,,0
falla.hematologica,falla,kappa<0.6,0.41,B,Llama-70B,39,100.0,1.0,1.0,1.0,12
falla.hematologica,falla,kappa<0.6,0.41,C,Llama-70B,39,87.2,0.674,0.429,0.5,6
falla.hemodinamica,falla,kappa>=0.8,0.923,A,Gemma4,43,100.0,0.917,0.905,0.917,41
falla.hemodinamica,falla,kappa>=0.8,0.923,B,Gemma4,43,100.0,0.917,0.905,0.864,22
falla.hemodinamica,falla,kappa>=0.8,0.923,C,Gemma4,43,97.7,0.917,0.905,0.975,30
falla.hemodinamica,falla,kappa>=0.8,0.923,A,Qwen,43,100.0,0.938,0.927,0.971,24
falla.hemodinamica,falla,kappa>=0.8,0.923,B,Qwen,43,100.0,0.958,0.95,1.0,12
falla.hemodinamica,falla,kappa>=0.8,0.923,C,Qwen,43,90.7,0.864,0.85,0.974,23
falla.hemodinamica,falla,kappa>=0.8,0.923,A,Llama-70B,43,100.0,0.953,0.947,,0
falla.hemodinamica,falla,kappa>=0.8,0.923,B,Llama-70B,43,100.0,0.938,0.927,0.833,13
falla.hemodinamica,falla,kappa>=0.8,0.923,C,Llama-70B,43,86.0,0.838,0.821,1.0,7
falla.hepatica,falla,kappa>=0.8,0.814,A,Gemma4,43,100.0,0.917,0.7,0.912,41
falla.hepatica,falla,kappa>=0.8,0.814,B,Gemma4,43,100.0,0.944,0.778,0.974,23
falla.hepatica,falla,kappa>=0.8,0.814,C,Gemma4,43,97.7,0.944,0.778,0.98,30
falla.hepatica,falla,kappa>=0.8,0.814,A,Qwen,43,100.0,0.986,0.933,1.0,25
falla.hepatica,falla,kappa>=0.8,0.814,B,Qwen,43,100.0,0.986,0.933,0.923,13
falla.hepatica,falla,kappa>=0.8,0.814,C,Qwen,43,90.7,0.802,0.625,0.976,24
falla.hepatica,falla,kappa>=0.8,0.814,A,Llama-70B,43,100.0,0.986,0.933,,0
falla.hepatica,falla,kappa>=0.8,0.814,B,Llama-70B,43,100.0,0.903,0.667,0.938,12
falla.hepatica,falla,kappa>=0.8,0.814,C,Llama-70B,43,86.0,0.804,0.545,1.0,7
falla.multiorganica,falla,kappa<0.6,0.553,A,Gemma4,35,100.0,0.875,0.667,0.889,34
falla.multiorganica,falla,kappa<0.6,0.553,B,Gemma4,35,100.0,0.786,0.538,0.667,20
falla.multiorganica,falla,kappa<0.6,0.553,C,Gemma4,35,97.1,0.839,0.609,0.905,27
falla.multiorganica,falla,kappa<0.6,0.553,A,Qwen,35,100.0,0.911,0.737,0.947,22
falla.multiorganica,falla,kappa<0.6,0.553,B,Qwen,35,100.0,0.857,0.636,0.875,10
falla.multiorganica,falla,kappa<0.6,0.553,C,Qwen,35,91.4,0.732,0.5,0.9,23
falla.multiorganica,falla,kappa<0.6,0.553,A,Llama-70B,35,100.0,0.964,0.875,,0
falla.multiorganica,falla,kappa<0.6,0.553,B,Llama-70B,35,97.1,0.75,0.5,0.6,9
falla.multiorganica,falla,kappa<0.6,0.553,C,Llama-70B,35,88.6,0.696,0.462,0.8,6
falla.neurologica,falla,kappa<0.6,0.493,A,Gemma4,38,100.0,0.868,0.471,0.875,36
falla.neurologica,falla,kappa<0.6,0.493,B,Gemma4,38,100.0,0.882,0.5,0.824,20
falla.neurologica,falla,kappa<0.6,0.493,C,Gemma4,38,97.4,0.868,0.471,0.896,28
falla.neurologica,falla,kappa<0.6,0.493,A,Qwen,38,100.0,0.853,0.444,0.909,24
falla.neurologica,falla,kappa<0.6,0.493,B,Qwen,38,100.0,0.853,0.444,0.778,12
falla.neurologica,falla,kappa<0.6,0.493,C,Qwen,38,92.1,0.838,0.421,0.912,20
falla.neurologica,falla,kappa<0.6,0.493,A,Llama-70B,38,100.0,0.912,0.571,,0
falla.neurologica,falla,kappa<0.6,0.493,B,Llama-70B,38,100.0,0.868,0.471,0.938,10
falla.neurologica,falla,kappa<0.6,0.493,C,Llama-70B,38,84.2,0.779,0.348,1.0,5
falla.otra,falla,kappa<0.6,-0.176,A,Gemma4,40,100.0,1.0,,1.0,38
falla.otra,falla,kappa<0.6,-0.176,B,Gemma4,40,100.0,1.0,,1.0,22
falla.otra,falla,kappa<0.6,-0.176,C,Gemma4,40,97.5,0.975,0.0,1.0,31
falla.otra,falla,kappa<0.6,-0.176,A,Qwen,40,100.0,1.0,,1.0,24
falla.otra,falla,kappa<0.6,-0.176,B,Qwen,40,100.0,1.0,,1.0,11
falla.otra,falla,kappa<0.6,-0.176,C,Qwen,40,92.5,0.925,0.0,1.0,24
falla.otra,falla,kappa<0.6,-0.176,A,Llama-70B,40,100.0,1.0,,,0
falla.otra,falla,kappa<0.6,-0.176,B,Llama-70B,40,97.5,0.925,0.0,1.0,12
falla.otra,falla,kappa<0.6,-0.176,C,Llama-70B,40,87.5,0.775,0.0,0.857,7
falla.renal_aguda,falla,kappa>=0.8,0.919,A,Gemma4,41,100.0,0.979,0.971,0.979,40
falla.renal_aguda,falla,kappa>=0.8,0.919,B,Gemma4,41,100.0,0.979,0.971,0.962,23
falla.renal_aguda,falla,kappa>=0.8,0.919,C,Gemma4,41,97.6,0.958,0.944,0.976,30
falla.renal_aguda,falla,kappa>=0.8,0.919,A,Qwen,41,100.0,0.979,0.971,1.0,24
falla.renal_aguda,falla,kappa>=0.8,0.919,B,Qwen,41,97.6,0.979,0.971,1.0,12
falla.renal_aguda,falla,kappa>=0.8,0.919,C,Qwen,41,90.2,0.9,0.882,1.0,24
falla.renal_aguda,falla,kappa>=0.8,0.919,A,Llama-70B,41,100.0,0.979,0.971,,0
falla.renal_aguda,falla,kappa>=0.8,0.919,B,Llama-70B,41,95.1,0.896,0.872,0.917,10
falla.renal_aguda,falla,kappa>=0.8,0.919,C,Llama-70B,41,85.4,0.837,0.811,1.0,6
falla.respiratoria,falla,0.6<=kappa<0.8,0.769,A,Gemma4,41,100.0,0.841,0.844,0.841,40
falla.respiratoria,falla,0.6<=kappa<0.8,0.769,B,Gemma4,41,100.0,0.818,0.826,0.8,21
falla.respiratoria,falla,0.6<=kappa<0.8,0.769,C,Gemma4,41,97.6,0.818,0.826,0.833,29
falla.respiratoria,falla,0.6<=kappa<0.8,0.769,A,Qwen,41,100.0,0.841,0.844,0.882,24
falla.respiratoria,falla,0.6<=kappa<0.8,0.769,B,Qwen,41,100.0,0.864,0.864,0.75,11
falla.respiratoria,falla,0.6<=kappa<0.8,0.769,C,Qwen,41,90.2,0.788,0.791,0.9,22
falla.respiratoria,falla,0.6<=kappa<0.8,0.769,A,Llama-70B,41,100.0,0.86,0.857,,0
falla.respiratoria,falla,0.6<=kappa<0.8,0.769,B,Llama-70B,41,100.0,0.864,0.864,0.625,12
falla.respiratoria,falla,0.6<=kappa<0.8,0.769,C,Llama-70B,41,85.4,0.762,0.762,1.0,7
infecciones.estadia_upc,infecciones,0.6<=kappa<0.8,0.651,A,Gemma4,39,100.0,0.882,0.917,0.882,37
infecciones.estadia_upc,infecciones,0.6<=kappa<0.8,0.651,B,Gemma4,39,100.0,0.941,0.957,0.938,19
infecciones.estadia_upc,infecciones,0.6<=kappa<0.8,0.651,C,Gemma4,39,97.4,0.918,0.933,0.964,26
infecciones.estadia_upc,infecciones,0.6<=kappa<0.8,0.651,A,Qwen,39,100.0,0.853,0.898,0.857,23
infecciones.estadia_upc,infecciones,0.6<=kappa<0.8,0.651,B,Qwen,39,100.0,0.86,0.894,0.667,10
infecciones.estadia_upc,infecciones,0.6<=kappa<0.8,0.651,C,Qwen,39,87.2,0.857,0.85,0.964,22
infecciones.estadia_upc,infecciones,0.6<=kappa<0.8,0.651,A,Llama-70B,39,100.0,0.86,0.894,,0
infecciones.estadia_upc,infecciones,0.6<=kappa<0.8,0.651,B,Llama-70B,39,89.7,0.814,0.844,0.833,9
infecciones.estadia_upc,infecciones,0.6<=kappa<0.8,0.651,C,Llama-70B,39,79.5,0.71,0.756,0.8,6
infecciones.focos.cateter,infecciones,kappa<0.6,0.584,A,Gemma4,41,100.0,0.961,0.667,0.958,39
infecciones.focos.cateter,infecciones,kappa<0.6,0.584,B,Gemma4,41,100.0,0.947,0.6,0.925,21
infecciones.focos.cateter,infecciones,kappa<0.6,0.584,C,Gemma4,41,97.6,0.768,0.4,0.946,29
infecciones.focos.cateter,infecciones,kappa<0.6,0.584,A,Qwen,41,100.0,0.961,0.667,0.96,25
infecciones.focos.cateter,infecciones,kappa<0.6,0.584,B,Qwen,41,100.0,0.947,0.6,0.818,11
infecciones.focos.cateter,infecciones,kappa<0.6,0.584,C,Qwen,41,90.2,0.575,0.182,0.955,22
infecciones.focos.cateter,infecciones,kappa<0.6,0.584,A,Llama-70B,41,65.9,0.803,0.286,,0
infecciones.focos.cateter,infecciones,kappa<0.6,0.584,B,Llama-70B,41,92.7,0.921,0.5,1.0,12
infecciones.focos.cateter,infecciones,kappa<0.6,0.584,C,Llama-70B,41,78.0,0.715,0.286,1.0,7
infecciones.focos.cateter.agente,infecciones,kappa<0.6,0.584,A,Gemma4,41,100.0,0.961,0.667,0.958,39
infecciones.focos.cateter.agente,infecciones,kappa<0.6,0.584,B,Gemma4,41,100.0,0.947,0.6,0.925,21
infecciones.focos.cateter.agente,infecciones,kappa<0.6,0.584,C,Gemma4,41,97.6,0.768,0.4,0.946,29
infecciones.focos.cateter.agente,infecciones,kappa<0.6,0.584,A,Qwen,41,90.2,0.627,0.286,0.96,25
infecciones.focos.cateter.agente,infecciones,kappa<0.6,0.584,B,Qwen,41,100.0,0.947,0.6,0.818,11
infecciones.focos.cateter.agente,infecciones,kappa<0.6,0.584,C,Qwen,41,90.2,0.575,0.182,0.955,22
infecciones.focos.cateter.agente,infecciones,kappa<0.6,0.584,A,Llama-70B,41,9.8,0.053,0.0,,0
infecciones.focos.cateter.agente,infecciones,kappa<0.6,0.584,B,Llama-70B,41,92.7,0.934,0.545,1.0,12
infecciones.focos.cateter.agente,infecciones,kappa<0.6,0.584,C,Llama-70B,41,78.0,0.715,0.286,1.0,7
infecciones.focos.cateter.iaas,infecciones,kappa<0.6,0.476,A,Gemma4,41,100.0,0.949,0.5,0.946,39
infecciones.focos.cateter.iaas,infecciones,kappa<0.6,0.476,B,Gemma4,41,100.0,0.936,0.444,0.925,21
infecciones.focos.cateter.iaas,infecciones,kappa<0.6,0.476,C,Gemma4,41,97.6,0.673,0.222,0.893,28
infecciones.focos.cateter.iaas,infecciones,kappa<0.6,0.476,A,Qwen,41,100.0,0.949,0.5,0.96,25
infecciones.focos.cateter.iaas,infecciones,kappa<0.6,0.476,B,Qwen,41,100.0,0.936,0.444,0.818,11
infecciones.focos.cateter.iaas,infecciones,kappa<0.6,0.476,C,Qwen,41,87.8,0.647,0.182,0.955,22
infecciones.focos.cateter.iaas,infecciones,kappa<0.6,0.476,A,Llama-70B,41,12.2,0.301,0.053,,0
infecciones.focos.cateter.iaas,infecciones,kappa<0.6,0.476,B,Llama-70B,41,90.2,0.91,0.364,1.0,11
infecciones.focos.cateter.iaas,infecciones,kappa<0.6,0.476,C,Llama-70B,41,78.0,0.622,0.154,1.0,7
infecciones.focos.cateter.tratamiento,infecciones,kappa<0.6,0.194,A,Gemma4,40,97.5,0.949,0.333,0.958,37
infecciones.focos.cateter.tratamiento,infecciones,kappa<0.6,0.194,B,Gemma4,40,100.0,1.0,1.0,1.0,21
infecciones.focos.cateter.tratamiento,infecciones,kappa<0.6,0.194,C,Gemma4,40,97.5,0.974,0.5,0.966,29
infecciones.focos.cateter.tratamiento,infecciones,kappa<0.6,0.194,A,Qwen,40,97.5,0.962,0.4,1.0,25
infecciones.focos.cateter.tratamiento,infecciones,kappa<0.6,0.194,B,Qwen,40,100.0,1.0,1.0,1.0,11
infecciones.focos.cateter.tratamiento,infecciones,kappa<0.6,0.194,C,Qwen,40,92.5,0.962,0.4,1.0,22
infecciones.focos.cateter.tratamiento,infecciones,kappa<0.6,0.194,A,Llama-70B,40,10.0,0.051,0.0,,0
infecciones.focos.cateter.tratamiento,infecciones,kappa<0.6,0.194,B,Llama-70B,40,100.0,1.0,1.0,1.0,12
infecciones.focos.cateter.tratamiento,infecciones,kappa<0.6,0.194,C,Llama-70B,40,85.0,0.923,0.25,1.0,7
infecciones.focos.digestivo_biliar,infecciones,kappa>=0.8,0.811,A,Gemma4,42,97.6,0.846,0.75,0.897,39
infecciones.focos.digestivo_biliar,infecciones,kappa>=0.8,0.811,B,Gemma4,42,97.6,0.923,0.875,1.0,21
infecciones.focos.digestivo_biliar,infecciones,kappa>=0.8,0.811,C,Gemma4,42,95.2,0.86,0.8,0.875,28
infecciones.focos.digestivo_biliar,infecciones,kappa>=0.8,0.811,A,Qwen,42,100.0,0.831,0.706,0.847,24
infecciones.focos.digestivo_biliar,infecciones,kappa>=0.8,0.811,B,Qwen,42,100.0,0.846,0.75,1.0,12
infecciones.focos.digestivo_biliar,infecciones,kappa>=0.8,0.811,C,Qwen,42,88.1,0.691,0.5,0.875,23
infecciones.focos.digestivo_biliar,infecciones,kappa>=0.8,0.811,A,Llama-70B,42,64.3,0.577,0.345,,0
infecciones.focos.digestivo_biliar,infecciones,kappa>=0.8,0.811,B,Llama-70B,42,92.9,0.787,0.6,1.0,12
infecciones.focos.digestivo_biliar,infecciones,kappa>=0.8,0.811,C,Llama-70B,42,76.2,0.713,0.48,0.9,6
infecciones.focos.digestivo_biliar.agente,infecciones,0.6<=kappa<0.8,0.749,A,Gemma4,43,100.0,0.974,0.833,0.972,41
infecciones.focos.digestivo_biliar.agente,infecciones,0.6<=kappa<0.8,0.749,B,Gemma4,43,100.0,0.987,0.909,1.0,23
infecciones.focos.digestivo_biliar.agente,infecciones,0.6<=kappa<0.8,0.749,C,Gemma4,43,97.7,0.887,0.8,0.875,31
infecciones.focos.digestivo_biliar.agente,infecciones,0.6<=kappa<0.8,0.749,A,Qwen,43,93.0,0.774,0.6,0.977,25
infecciones.focos.digestivo_biliar.agente,infecciones,0.6<=kappa<0.8,0.749,B,Qwen,43,100.0,0.787,0.667,1.0,13
infecciones.focos.digestivo_biliar.agente,infecciones,0.6<=kappa<0.8,0.749,C,Qwen,43,90.7,0.761,0.545,1.0,24
infecciones.focos.digestivo_biliar.agente,infecciones,0.6<=kappa<0.8,0.749,A,Llama-70B,43,9.3,0.053,0.0,,0
infecciones.focos.digestivo_biliar.agente,infecciones,0.6<=kappa<0.8,0.749,B,Llama-70B,43,93.0,0.847,0.615,0.833,13
infecciones.focos.digestivo_biliar.agente,infecciones,0.6<=kappa<0.8,0.749,C,Llama-70B,43,76.7,0.755,0.4,1.0,7
infecciones.focos.digestivo_biliar.tratamiento,infecciones,0.6<=kappa<0.8,0.766,A,Gemma4,43,100.0,0.89,0.769,0.888,41
infecciones.focos.digestivo_biliar.tratamiento,infecciones,0.6<=kappa<0.8,0.766,B,Gemma4,43,100.0,0.986,0.923,1.0,23
infecciones.focos.digestivo_biliar.tratamiento,infecciones,0.6<=kappa<0.8,0.766,C,Gemma4,43,97.7,0.82,0.727,0.8,31
infecciones.focos.digestivo_biliar.tratamiento,infecciones,0.6<=kappa<0.8,0.766,A,Qwen,43,100.0,0.876,0.714,0.827,25
infecciones.focos.digestivo_biliar.tratamiento,infecciones,0.6<=kappa<0.8,0.766,B,Qwen,43,100.0,0.876,0.714,0.95,13
infecciones.focos.digestivo_biliar.tratamiento,infecciones,0.6<=kappa<0.8,0.766,C,Qwen,43,90.7,0.696,0.462,0.833,24
infecciones.focos.digestivo_biliar.tratamiento,infecciones,0.6<=kappa<0.8,0.766,A,Llama-70B,43,9.3,0.054,0.0,,0
infecciones.focos.digestivo_biliar.tratamiento,infecciones,0.6<=kappa<0.8,0.766,B,Llama-70B,43,93.0,0.836,0.588,0.875,13
infecciones.focos.digestivo_biliar.tratamiento,infecciones,0.6<=kappa<0.8,0.766,C,Llama-70B,43,76.7,0.755,0.435,0.917,7
infecciones.focos.no_identificado,infecciones,kappa<0.6,0.595,A,Gemma4,41,100.0,0.987,0.8,0.987,39
infecciones.focos.no_identificado,infecciones,kappa<0.6,0.595,B,Gemma4,41,100.0,0.949,0.5,0.864,22
infecciones.focos.no_identificado,infecciones,kappa<0.6,0.595,C,Gemma4,41,100.0,0.962,0.571,0.897,29
infecciones.focos.no_identificado,infecciones,kappa<0.6,0.595,A,Qwen,41,100.0,0.75,0.667,0.5,25
infecciones.focos.no_identificado,infecciones,kappa<0.6,0.595,B,Qwen,41,97.6,0.974,0.667,1.0,12
infecciones.focos.no_identificado,infecciones,kappa<0.6,0.595,C,Qwen,41,90.2,0.436,0.0,0.957,23
infecciones.focos.no_identificado,infecciones,kappa<0.6,0.595,A,Llama-70B,41,63.4,0.308,0.0,,0
infecciones.focos.no_identificado,infecciones,kappa<0.6,0.595,B,Llama-70B,41,87.8,0.66,0.2,0.833,12
infecciones.focos.no_identificado,infecciones,kappa<0.6,0.595,C,Llama-70B,41,63.4,0.545,0.105,0.857,7
infecciones.focos.otro,infecciones,kappa<0.6,-0.041,A,Gemma4,42,100.0,0.905,0.0,0.9,40
infecciones.focos.otro,infecciones,kappa<0.6,-0.041,B,Gemma4,42,100.0,0.5,0.0,0.429,21
infecciones.focos.otro,infecciones,kappa<0.6,-0.041,C,Gemma4,42,97.6,0.738,0.0,0.862,29
infecciones.focos.otro,infecciones,kappa<0.6,-0.041,A,Qwen,42,100.0,0.929,0.0,0.958,24
infecciones.focos.otro,infecciones,kappa<0.6,-0.041,B,Qwen,42,97.6,0.5,0.0,0.273,11
infecciones.focos.otro,infecciones,kappa<0.6,-0.041,C,Qwen,42,88.1,0.714,0.0,0.955,22
infecciones.focos.otro,infecciones,kappa<0.6,-0.041,A,Llama-70B,42,64.3,0.619,0.0,,0
infecciones.focos.otro,infecciones,kappa<0.6,-0.041,B,Llama-70B,42,88.1,0.405,0.0,0.333,12
infecciones.focos.otro,infecciones,kappa<0.6,-0.041,C,Llama-70B,42,61.9,0.333,0.0,0.571,7
infecciones.focos.piel_blandas,infecciones,0.6<=kappa<0.8,0.799,A,Gemma4,43,100.0,0.988,0.8,0.987,41
infecciones.focos.piel_blandas,infecciones,0.6<=kappa<0.8,0.799,B,Gemma4,43,100.0,0.988,0.8,0.976,23
infecciones.focos.piel_blandas,infecciones,0.6<=kappa<0.8,0.799,C,Gemma4,43,97.7,0.976,0.667,0.983,31
infecciones.focos.piel_blandas,infecciones,0.6<=kappa<0.8,0.799,A,Qwen,43,100.0,0.988,0.8,0.96,25
infecciones.focos.piel_blandas,infecciones,0.6<=kappa<0.8,0.799,B,Qwen,43,100.0,0.963,0.571,0.958,13
infecciones.focos.piel_blandas,infecciones,0.6<=kappa<0.8,0.799,C,Qwen,43,93.0,0.951,0.5,0.958,24
infecciones.focos.piel_blandas,infecciones,0.6<=kappa<0.8,0.799,A,Llama-70B,43,67.4,0.579,0.118,,0
infecciones.focos.piel_blandas,infecciones,0.6<=kappa<0.8,0.799,B,Llama-70B,43,100.0,0.963,0.571,1.0,13
infecciones.focos.piel_blandas,infecciones,0.6<=kappa<0.8,0.799,C,Llama-70B,43,86.0,0.915,0.364,1.0,7
infecciones.focos.respiratorio,infecciones,kappa<0.6,0.399,A,Gemma4,36,97.2,0.889,0.75,0.904,34
infecciones.focos.respiratorio,infecciones,kappa<0.6,0.399,B,Gemma4,36,97.2,0.907,0.783,0.923,18
infecciones.focos.respiratorio,infecciones,kappa<0.6,0.399,C,Gemma4,36,97.2,0.926,0.818,0.95,25
infecciones.focos.respiratorio,infecciones,kappa<0.6,0.399,A,Qwen,36,100.0,0.926,0.818,0.941,21
infecciones.focos.respiratorio,infecciones,kappa<0.6,0.399,B,Qwen,36,97.2,0.926,0.818,0.917,9
infecciones.focos.respiratorio,infecciones,kappa<0.6,0.399,C,Qwen,36,88.9,0.815,0.7,0.974,20
infecciones.focos.respiratorio,infecciones,kappa<0.6,0.399,A,Llama-70B,36,69.4,0.685,0.516,,0
infecciones.focos.respiratorio,infecciones,kappa<0.6,0.399,B,Llama-70B,36,94.4,0.778,0.615,0.75,10
infecciones.focos.respiratorio,infecciones,kappa<0.6,0.399,C,Llama-70B,36,77.8,0.722,0.56,0.833,6
infecciones.focos.respiratorio.agente,infecciones,0.6<=kappa<0.8,0.716,A,Gemma4,42,100.0,0.893,0.778,0.883,40
infecciones.focos.respiratorio.agente,infecciones,0.6<=kappa<0.8,0.716,B,Gemma4,42,100.0,0.893,0.778,1.0,21
infecciones.focos.respiratorio.agente,infecciones,0.6<=kappa<0.8,0.716,C,Gemma4,42,97.6,0.879,0.737,0.96,29
infecciones.focos.respiratorio.agente,infecciones,0.6<=kappa<0.8,0.716,A,Qwen,42,85.7,0.658,0.462,1.0,24
infecciones.focos.respiratorio.agente,infecciones,0.6<=kappa<0.8,0.716,B,Qwen,42,100.0,0.908,0.824,0.938,11
infecciones.focos.respiratorio.agente,infecciones,0.6<=kappa<0.8,0.716,C,Qwen,42,85.7,0.724,0.526,0.909,22
infecciones.focos.respiratorio.agente,infecciones,0.6<=kappa<0.8,0.716,A,Llama-70B,42,7.1,0.044,0.0,,0
infecciones.focos.respiratorio.agente,infecciones,0.6<=kappa<0.8,0.716,B,Llama-70B,42,92.9,0.772,0.571,0.375,13
infecciones.focos.respiratorio.agente,infecciones,0.6<=kappa<0.8,0.716,C,Llama-70B,42,73.8,0.603,0.364,1.0,6
infecciones.focos.respiratorio.iaas,infecciones,kappa<0.6,0.437,A,Gemma4,38,92.1,0.939,0.714,0.983,34
infecciones.focos.respiratorio.iaas,infecciones,kappa<0.6,0.437,B,Gemma4,38,100.0,1.0,1.0,1.0,22
infecciones.focos.respiratorio.iaas,infecciones,kappa<0.6,0.437,C,Gemma4,38,92.1,0.955,0.769,1.0,27
infecciones.focos.respiratorio.iaas,infecciones,kappa<0.6,0.437,A,Qwen,38,100.0,0.955,0.769,0.975,22
infecciones.focos.respiratorio.iaas,infecciones,kappa<0.6,0.437,B,Qwen,38,97.4,0.909,0.625,0.889,11
infecciones.focos.respiratorio.iaas,infecciones,kappa<0.6,0.437,C,Qwen,38,92.1,0.809,0.533,0.952,21
infecciones.focos.respiratorio.iaas,infecciones,kappa<0.6,0.437,A,Llama-70B,38,10.5,0.145,0.056,,0
infecciones.focos.respiratorio.iaas,infecciones,kappa<0.6,0.437,B,Llama-70B,38,92.1,0.679,0.375,0.667,12
infecciones.focos.respiratorio.iaas,infecciones,kappa<0.6,0.437,C,Llama-70B,38,78.9,0.779,0.471,0.857,7
infecciones.focos.respiratorio.tratamiento,infecciones,kappa<0.6,0.457,A,Gemma4,38,100.0,0.894,0.588,0.906,36
infecciones.focos.respiratorio.tratamiento,infecciones,kappa<0.6,0.457,B,Gemma4,38,97.4,0.909,0.625,0.938,19
infecciones.focos.respiratorio.tratamiento,infecciones,kappa<0.6,0.457,C,Gemma4,38,97.4,0.724,0.462,0.688,26
infecciones.focos.respiratorio.tratamiento,infecciones,kappa<0.6,0.457,A,Qwen,38,97.4,0.824,0.571,0.929,23
infecciones.focos.respiratorio.tratamiento,infecciones,kappa<0.6,0.457,B,Qwen,38,100.0,0.909,0.625,0.938,10
infecciones.focos.respiratorio.tratamiento,infecciones,kappa<0.6,0.457,C,Qwen,38,86.8,0.809,0.533,0.952,21
infecciones.focos.respiratorio.tratamiento,infecciones,kappa<0.6,0.457,A,Llama-70B,38,13.2,0.076,0.0,,0
infecciones.focos.respiratorio.tratamiento,infecciones,kappa<0.6,0.457,B,Llama-70B,38,89.5,0.733,0.4,0.5,10
infecciones.focos.respiratorio.tratamiento,infecciones,kappa<0.6,0.457,C,Llama-70B,38,73.7,0.633,0.316,1.0,5
infecciones.focos.urinario,infecciones,kappa>=0.8,0.873,A,Gemma4,42,100.0,0.987,0.889,0.986,40
infecciones.focos.urinario,infecciones,kappa>=0.8,0.873,B,Gemma4,42,100.0,0.875,0.857,1.0,22
infecciones.focos.urinario,infecciones,kappa>=0.8,0.873,C,Gemma4,42,97.6,0.737,0.571,1.0,29
infecciones.focos.urinario,infecciones,kappa>=0.8,0.873,A,Qwen,42,100.0,0.987,0.889,0.978,25
infecciones.focos.urinario,infecciones,kappa>=0.8,0.873,B,Qwen,42,100.0,0.987,0.889,0.95,12
infecciones.focos.urinario,infecciones,kappa>=0.8,0.873,C,Qwen,42,88.1,0.822,0.545,1.0,23
infecciones.focos.urinario,infecciones,kappa>=0.8,0.873,A,Llama-70B,42,69.0,0.691,0.286,,0
infecciones.focos.urinario,infecciones,kappa>=0.8,0.873,B,Llama-70B,42,90.5,0.599,0.286,1.0,12
infecciones.focos.urinario,infecciones,kappa>=0.8,0.873,C,Llama-70B,42,78.6,0.533,0.167,1.0,7
infecciones.focos.urinario.agente,infecciones,0.6<=kappa<0.8,0.722,A,Gemma4,42,100.0,0.987,0.857,0.986,40
infecciones.focos.urinario.agente,infecciones,0.6<=kappa<0.8,0.722,B,Gemma4,42,100.0,0.833,0.8,1.0,22
infecciones.focos.urinario.agente,infecciones,0.6<=kappa<0.8,0.722,C,Gemma4,42,97.6,0.821,0.667,1.0,30
infecciones.focos.urinario.agente,infecciones,0.6<=kappa<0.8,0.722,A,Qwen,42,97.6,0.821,0.667,0.978,25
infecciones.focos.urinario.agente,infecciones,0.6<=kappa<0.8,0.722,B,Qwen,42,100.0,0.987,0.857,0.955,13
infecciones.focos.urinario.agente,infecciones,0.6<=kappa<0.8,0.722,C,Qwen,42,88.1,0.782,0.444,1.0,24
infecciones.focos.urinario.agente,infecciones,0.6<=kappa<0.8,0.722,A,Llama-70B,42,7.1,0.038,0.0,,0
infecciones.focos.urinario.agente,infecciones,0.6<=kappa<0.8,0.722,B,Llama-70B,42,90.5,0.474,0.0,1.0,13
infecciones.focos.urinario.agente,infecciones,0.6<=kappa<0.8,0.722,C,Llama-70B,42,78.6,0.564,0.167,1.0,7
infecciones.focos.urinario.tratamiento,infecciones,kappa>=0.8,0.845,A,Gemma4,42,100.0,0.987,0.857,0.986,40
infecciones.focos.urinario.tratamiento,infecciones,kappa>=0.8,0.845,B,Gemma4,42,100.0,0.833,0.8,1.0,22
infecciones.focos.urinario.tratamiento,infecciones,kappa>=0.8,0.845,C,Gemma4,42,97.6,0.654,0.4,1.0,29
infecciones.focos.urinario.tratamiento,infecciones,kappa>=0.8,0.845,A,Qwen,42,100.0,0.987,0.857,0.978,24
infecciones.focos.urinario.tratamiento,infecciones,kappa>=0.8,0.845,B,Qwen,42,100.0,0.987,0.857,0.955,12
infecciones.focos.urinario.tratamiento,infecciones,kappa>=0.8,0.845,C,Qwen,42,88.1,0.782,0.444,1.0,23
infecciones.focos.urinario.tratamiento,infecciones,kappa>=0.8,0.845,A,Llama-70B,42,11.9,0.051,0.0,,0
infecciones.focos.urinario.tratamiento,infecciones,kappa>=0.8,0.845,B,Llama-70B,42,92.9,0.628,0.286,0.923,13
infecciones.focos.urinario.tratamiento,infecciones,kappa>=0.8,0.845,C,Llama-70B,42,76.2,0.397,0.0,1.0,7
infecciones.sepsis,infecciones,kappa>=0.8,0.842,A,Gemma4,41,95.1,0.955,0.95,1.0,37
infecciones.sepsis,infecciones,kappa>=0.8,0.842,B,Gemma4,41,100.0,1.0,1.0,1.0,20
infecciones.sepsis,infecciones,kappa>=0.8,0.842,C,Gemma4,41,97.6,0.974,0.973,1.0,28
infecciones.sepsis,infecciones,kappa>=0.8,0.842,A,Qwen,41,100.0,1.0,1.0,1.0,24
infecciones.sepsis,infecciones,kappa>=0.8,0.842,B,Qwen,41,100.0,1.0,1.0,1.0,11
infecciones.sepsis,infecciones,kappa>=0.8,0.842,C,Qwen,41,75.6,0.755,0.737,1.0,20
infecciones.sepsis,infecciones,kappa>=0.8,0.842,A,Llama-70B,41,78.0,0.769,0.783,,0
infecciones.sepsis,infecciones,kappa>=0.8,0.842,B,Llama-70B,41,90.2,0.853,0.842,1.0,10
infecciones.sepsis,infecciones,kappa>=0.8,0.842,C,Llama-70B,41,80.5,0.804,0.789,1.0,6
soporte.hemodinamico,soporte,kappa>=0.8,0.864,A,Gemma4,43,100.0,0.932,0.933,0.932,41
soporte.hemodinamico,soporte,kappa>=0.8,0.864,B,Gemma4,43,100.0,0.932,0.933,1.0,22
soporte.hemodinamico,soporte,kappa>=0.8,0.864,C,Gemma4,43,97.7,0.909,0.913,0.972,30
soporte.hemodinamico,soporte,kappa>=0.8,0.864,A,Qwen,43,100.0,0.932,0.933,0.938,25
soporte.hemodinamico,soporte,kappa>=0.8,0.864,B,Qwen,43,90.7,0.815,0.818,0.9,12
soporte.hemodinamico,soporte,kappa>=0.8,0.864,C,Qwen,43,86.0,0.814,0.81,1.0,23
soporte.hemodinamico,soporte,kappa>=0.8,0.864,A,Llama-70B,43,100.0,0.931,0.93,,0
soporte.hemodinamico,soporte,kappa>=0.8,0.864,B,Llama-70B,43,97.7,0.908,0.909,0.9,13
soporte.hemodinamico,soporte,kappa>=0.8,0.864,C,Llama-70B,43,86.0,0.792,0.8,1.0,7
soporte.hemodinamico.drogas_vasoactivas,soporte,kappa>=0.8,0.909,A,Gemma4,44,97.7,0.917,0.909,0.935,41
soporte.hemodinamico.drogas_vasoactivas,soporte,kappa>=0.8,0.909,B,Gemma4,44,100.0,0.958,0.952,0.95,23
soporte.hemodinamico.drogas_vasoactivas,soporte,kappa>=0.8,0.909,C,Gemma4,44,97.7,0.938,0.93,0.975,31
soporte.hemodinamico.drogas_vasoactivas,soporte,kappa>=0.8,0.909,A,Qwen,44,100.0,0.938,0.93,0.912,25
soporte.hemodinamico.drogas_vasoactivas,soporte,kappa>=0.8,0.909,B,Qwen,44,90.9,0.821,0.81,0.857,13
soporte.hemodinamico.drogas_vasoactivas,soporte,kappa>=0.8,0.909,C,Qwen,44,84.1,0.796,0.78,1.0,24
soporte.hemodinamico.drogas_vasoactivas,soporte,kappa>=0.8,0.909,A,Llama-70B,44,27.3,0.271,0.377,,0
soporte.hemodinamico.drogas_vasoactivas,soporte,kappa>=0.8,0.909,B,Llama-70B,44,97.7,0.933,0.927,1.0,13
soporte.hemodinamico.drogas_vasoactivas,soporte,kappa>=0.8,0.909,C,Llama-70B,44,86.4,0.8,0.791,1.0,7
soporte.hemodinamico.inotropicos,soporte,kappa>=0.8,1.0,A,Gemma4,44,100.0,0.963,0.667,0.962,42
soporte.hemodinamico.inotropicos,soporte,kappa>=0.8,1.0,B,Gemma4,44,100.0,0.951,0.6,0.932,23
soporte.hemodinamico.inotropicos,soporte,kappa>=0.8,1.0,C,Gemma4,44,97.7,0.976,0.75,0.983,31
soporte.hemodinamico.inotropicos,soporte,kappa>=0.8,1.0,A,Qwen,44,100.0,0.988,0.857,0.979,25
soporte.hemodinamico.inotropicos,soporte,kappa>=0.8,1.0,B,Qwen,44,90.9,0.951,0.6,1.0,13
soporte.hemodinamico.inotropicos,soporte,kappa>=0.8,1.0,C,Qwen,44,86.4,0.927,0.5,1.0,24
soporte.hemodinamico.inotropicos,soporte,kappa>=0.8,1.0,A,Llama-70B,44,27.3,0.455,0.111,,0
soporte.hemodinamico.inotropicos,soporte,kappa>=0.8,1.0,B,Llama-70B,44,97.7,0.988,0.857,1.0,13
soporte.hemodinamico.inotropicos,soporte,kappa>=0.8,1.0,C,Llama-70B,44,86.4,0.927,0.5,1.0,7
soporte.hfav,soporte,kappa<0.6,0.485,A,Gemma4,42,100.0,0.833,0.8,0.833,40
soporte.hfav,soporte,kappa<0.6,0.485,B,Gemma4,42,100.0,0.833,0.8,1.0,23
soporte.hfav,soporte,kappa<0.6,0.485,C,Gemma4,42,97.6,0.821,0.667,0.75,30
soporte.hfav,soporte,kappa<0.6,0.485,A,Qwen,42,100.0,0.833,0.8,0.75,25
soporte.hfav,soporte,kappa<0.6,0.485,B,Qwen,42,81.0,0.744,0.333,1.0,13
soporte.hfav,soporte,kappa<0.6,0.485,C,Qwen,42,73.8,0.538,0.143,0.75,24
soporte.hfav,soporte,kappa<0.6,0.485,A,Llama-70B,42,100.0,0.833,0.8,,0
soporte.hfav,soporte,kappa<0.6,0.485,B,Llama-70B,42,97.6,0.821,0.667,0.75,12
soporte.hfav,soporte,kappa<0.6,0.485,C,Llama-70B,42,83.3,0.744,0.333,1.0,7
soporte.intervenciones,soporte,kappa<0.6,0.39,A,Gemma4,36,100.0,0.694,0.756,0.691,34
soporte.intervenciones,soporte,kappa<0.6,0.39,B,Gemma4,36,100.0,0.611,0.696,0.65,19
soporte.intervenciones,soporte,kappa<0.6,0.39,C,Gemma4,36,97.2,0.667,0.727,0.739,26
soporte.intervenciones,soporte,kappa<0.6,0.39,A,Qwen,36,100.0,0.639,0.698,0.59,22
soporte.intervenciones,soporte,kappa<0.6,0.39,B,Qwen,36,100.0,0.639,0.711,0.6,9
soporte.intervenciones,soporte,kappa<0.6,0.39,C,Qwen,36,94.4,0.639,0.683,0.652,20
soporte.intervenciones,soporte,kappa<0.6,0.39,A,Llama-70B,36,97.2,0.583,0.571,,0
soporte.intervenciones,soporte,kappa<0.6,0.39,B,Llama-70B,36,100.0,0.611,0.72,0.6,12
soporte.intervenciones,soporte,kappa<0.6,0.39,C,Llama-70B,36,88.9,0.472,0.578,0.625,7
soporte.intervenciones.endoscopico,soporte,kappa<0.6,0.537,A,Gemma4,41,100.0,0.934,0.545,0.931,39
soporte.intervenciones.endoscopico,soporte,kappa<0.6,0.537,B,Gemma4,41,100.0,0.947,0.6,0.952,22
soporte.intervenciones.endoscopico,soporte,kappa<0.6,0.537,C,Gemma4,41,97.6,0.768,0.4,0.944,29
soporte.intervenciones.endoscopico,soporte,kappa<0.6,0.537,A,Qwen,41,100.0,0.947,0.6,0.932,23
soporte.intervenciones.endoscopico,soporte,kappa<0.6,0.537,B,Qwen,41,100.0,0.934,0.545,0.923,13
soporte.intervenciones.endoscopico,soporte,kappa<0.6,0.537,C,Qwen,41,92.7,0.781,0.444,0.955,23
soporte.intervenciones.endoscopico,soporte,kappa<0.6,0.537,A,Llama-70B,41,19.5,0.105,0.0,,0
soporte.intervenciones.endoscopico,soporte,kappa<0.6,0.537,B,Llama-70B,41,100.0,0.934,0.545,0.9,12
soporte.intervenciones.endoscopico,soporte,kappa<0.6,0.537,C,Llama-70B,41,87.8,0.868,0.375,0.833,6
soporte.intervenciones.otro,soporte,kappa<0.6,0.491,A,Gemma4,41,100.0,0.768,0.4,0.764,39
soporte.intervenciones.otro,soporte,kappa<0.6,0.491,B,Gemma4,41,100.0,0.768,0.4,1.0,21
soporte.intervenciones.otro,soporte,kappa<0.6,0.491,C,Gemma4,41,97.6,0.807,0.571,0.833,28
soporte.intervenciones.otro,soporte,kappa<0.6,0.491,A,Qwen,41,100.0,0.487,0.0,0.476,22
soporte.intervenciones.otro,soporte,kappa<0.6,0.491,B,Qwen,41,100.0,0.807,0.571,0.833,12
soporte.intervenciones.otro,soporte,kappa<0.6,0.491,C,Qwen,41,90.2,0.781,0.444,0.5,21
soporte.intervenciones.otro,soporte,kappa<0.6,0.491,A,Llama-70B,41,19.5,0.105,0.0,,0
soporte.intervenciones.otro,soporte,kappa<0.6,0.491,B,Llama-70B,41,100.0,0.816,0.3,0.7,11
soporte.intervenciones.otro,soporte,kappa<0.6,0.491,C,Llama-70B,41,85.4,0.522,0.133,1.0,5
soporte.intervenciones.quirurgico,soporte,kappa<0.6,0.401,A,Gemma4,38,100.0,0.867,0.667,0.875,36
soporte.intervenciones.quirurgico,soporte,kappa<0.6,0.401,B,Gemma4,38,100.0,0.833,0.615,0.786,18
soporte.intervenciones.quirurgico,soporte,kappa<0.6,0.401,C,Gemma4,38,97.4,0.85,0.64,0.881,27
soporte.intervenciones.quirurgico,soporte,kappa<0.6,0.401,A,Qwen,38,100.0,0.833,0.615,0.853,23
soporte.intervenciones.quirurgico,soporte,kappa<0.6,0.401,B,Qwen,38,100.0,0.867,0.667,0.75,8
soporte.intervenciones.quirurgico,soporte,kappa<0.6,0.401,C,Qwen,38,92.1,0.85,0.64,0.912,20
soporte.intervenciones.quirurgico,soporte,kappa<0.6,0.401,A,Llama-70B,38,15.8,0.112,0.056,,0
soporte.intervenciones.quirurgico,soporte,kappa<0.6,0.401,B,Llama-70B,38,100.0,0.767,0.533,0.833,11
soporte.intervenciones.quirurgico,soporte,kappa<0.6,0.401,C,Llama-70B,38,84.2,0.592,0.387,0.917,7
soporte.reanimacion,soporte,0.6<=kappa<0.8,0.619,A,Gemma4,40,100.0,0.973,0.75,0.972,38
soporte.reanimacion,soporte,0.6<=kappa<0.8,0.619,B,Gemma4,40,100.0,0.973,0.75,0.971,19
soporte.reanimacion,soporte,0.6<=kappa<0.8,0.619,C,Gemma4,40,97.5,0.959,0.667,1.0,27
soporte.reanimacion,soporte,0.6<=kappa<0.8,0.619,A,Qwen,40,100.0,0.973,0.75,1.0,24
soporte.reanimacion,soporte,0.6<=kappa<0.8,0.619,B,Qwen,40,95.0,0.793,0.5,1.0,12
soporte.reanimacion,soporte,0.6<=kappa<0.8,0.619,C,Qwen,40,85.0,0.599,0.222,1.0,21
soporte.reanimacion,soporte,0.6<=kappa<0.8,0.619,A,Llama-70B,40,100.0,0.82,0.667,,0
soporte.reanimacion,soporte,0.6<=kappa<0.8,0.619,B,Llama-70B,40,97.5,0.919,0.5,0.889,9
soporte.reanimacion,soporte,0.6<=kappa<0.8,0.619,C,Llama-70B,40,85.0,0.878,0.4,1.0,4
soporte.reanimacion.fecha_disponible,soporte,0.6<=kappa<0.8,0.667,A,Gemma4,44,100.0,0.952,0.5,0.951,42
soporte.reanimacion.fecha_disponible,soporte,0.6<=kappa<0.8,0.667,B,Gemma4,44,100.0,0.952,0.5,0.932,23
soporte.reanimacion.fecha_disponible,soporte,0.6<=kappa<0.8,0.667,C,Gemma4,44,97.7,0.964,0.571,1.0,31
soporte.reanimacion.fecha_disponible,soporte,0.6<=kappa<0.8,0.667,A,Qwen,44,100.0,0.488,0.0,1.0,25
soporte.reanimacion.fecha_disponible,soporte,0.6<=kappa<0.8,0.667,B,Qwen,44,90.9,0.702,0.286,1.0,13
soporte.reanimacion.fecha_disponible,soporte,0.6<=kappa<0.8,0.667,C,Qwen,44,86.4,0.44,0.0,1.0,24
soporte.reanimacion.fecha_disponible,soporte,0.6<=kappa<0.8,0.667,A,Llama-70B,44,13.6,0.06,0.0,,0
soporte.reanimacion.fecha_disponible,soporte,0.6<=kappa<0.8,0.667,B,Llama-70B,44,97.7,0.738,0.5,1.0,13
soporte.reanimacion.fecha_disponible,soporte,0.6<=kappa<0.8,0.667,C,Llama-70B,44,86.4,0.917,0.364,1.0,7
soporte.reanimacion.retorno_circulacion,soporte,0.6<=kappa<0.8,0.649,A,Gemma4,41,100.0,0.987,0.8,0.986,39
soporte.reanimacion.retorno_circulacion,soporte,0.6<=kappa<0.8,0.649,B,Gemma4,41,97.6,0.987,0.8,1.0,19
soporte.reanimacion.retorno_circulacion,soporte,0.6<=kappa<0.8,0.649,C,Gemma4,41,95.1,0.974,0.667,1.0,27
soporte.reanimacion.retorno_circulacion,soporte,0.6<=kappa<0.8,0.649,A,Qwen,41,100.0,0.987,0.8,0.96,25
soporte.reanimacion.retorno_circulacion,soporte,0.6<=kappa<0.8,0.649,B,Qwen,41,92.7,0.474,0.0,1.0,12
soporte.reanimacion.retorno_circulacion,soporte,0.6<=kappa<0.8,0.649,C,Qwen,41,85.4,0.449,0.0,1.0,22
soporte.reanimacion.retorno_circulacion,soporte,0.6<=kappa<0.8,0.649,A,Llama-70B,41,14.6,0.314,0.054,,0
soporte.reanimacion.retorno_circulacion,soporte,0.6<=kappa<0.8,0.649,B,Llama-70B,41,97.6,0.987,0.8,1.0,10
soporte.reanimacion.retorno_circulacion,soporte,0.6<=kappa<0.8,0.649,C,Llama-70B,41,85.4,0.923,0.4,1.0,5
soporte.renal,soporte,kappa>=0.8,0.841,A,Gemma4,42,100.0,0.95,0.889,0.95,41
soporte.renal,soporte,kappa>=0.8,0.841,B,Gemma4,42,100.0,0.967,0.923,0.941,22
soporte.renal,soporte,kappa>=0.8,0.841,C,Gemma4,42,97.6,0.95,0.889,0.979,30
soporte.renal,soporte,kappa>=0.8,0.841,A,Qwen,42,100.0,0.933,0.857,0.947,24
soporte.renal,soporte,kappa>=0.8,0.841,B,Qwen,42,76.2,0.65,0.5,0.955,13
soporte.renal,soporte,kappa>=0.8,0.841,C,Qwen,42,69.0,0.608,0.435,1.0,23
soporte.renal,soporte,kappa>=0.8,0.841,A,Llama-70B,42,100.0,0.933,0.857,,0
soporte.renal,soporte,kappa>=0.8,0.841,B,Llama-70B,42,95.2,0.842,0.733,0.938,13
soporte.renal,soporte,kappa>=0.8,0.841,C,Llama-70B,42,81.0,0.725,0.6,1.0,6
soporte.renal.hemodialisis_aguda,soporte,0.6<=kappa<0.8,0.703,A,Gemma4,42,97.6,0.986,0.909,1.0,39
soporte.renal.hemodialisis_aguda,soporte,0.6<=kappa<0.8,0.703,B,Gemma4,42,97.6,0.973,0.833,1.0,22
soporte.renal.hemodialisis_aguda,soporte,0.6<=kappa<0.8,0.703,C,Gemma4,42,95.2,0.973,0.833,1.0,30
soporte.renal.hemodialisis_aguda,soporte,0.6<=kappa<0.8,0.703,A,Qwen,42,100.0,0.973,0.833,0.978,24
soporte.renal.hemodialisis_aguda,soporte,0.6<=kappa<0.8,0.703,B,Qwen,42,78.6,0.692,0.375,1.0,13
soporte.renal.hemodialisis_aguda,soporte,0.6<=kappa<0.8,0.703,C,Qwen,42,71.4,0.378,0.0,1.0,23
soporte.renal.hemodialisis_aguda,soporte,0.6<=kappa<0.8,0.703,A,Llama-70B,42,21.4,0.368,0.15,,0
soporte.renal.hemodialisis_aguda,soporte,0.6<=kappa<0.8,0.703,B,Llama-70B,42,97.6,0.859,0.667,0.917,12
soporte.renal.hemodialisis_aguda,soporte,0.6<=kappa<0.8,0.703,C,Llama-70B,42,85.7,0.805,0.5,1.0,7
soporte.renal.otro,soporte,kappa<0.6,0.219,A,Gemma4,44,100.0,1.0,,1.0,42
soporte.renal.otro,soporte,kappa<0.6,0.219,B,Gemma4,44,100.0,1.0,,1.0,23
soporte.renal.otro,soporte,kappa<0.6,0.219,C,Gemma4,44,97.7,0.977,0.0,1.0,31
soporte.renal.otro,soporte,kappa<0.6,0.219,A,Qwen,44,100.0,1.0,,1.0,25
soporte.renal.otro,soporte,kappa<0.6,0.219,B,Qwen,44,77.3,0.773,0.0,1.0,13
soporte.renal.otro,soporte,kappa<0.6,0.219,C,Qwen,44,70.5,0.682,0.0,0.958,24
soporte.renal.otro,soporte,kappa<0.6,0.219,A,Llama-70B,44,18.2,0.182,0.0,,0
soporte.renal.otro,soporte,kappa<0.6,0.219,B,Llama-70B,44,95.5,0.955,0.0,1.0,13
soporte.renal.otro,soporte,kappa<0.6,0.219,C,Llama-70B,44,81.8,0.818,0.0,1.0,7
soporte.renal.trr_continua,soporte,kappa<0.6,0.491,A,Gemma4,41,97.6,0.949,0.5,0.958,38
soporte.renal.trr_continua,soporte,kappa<0.6,0.491,B,Gemma4,41,97.6,0.962,0.571,0.952,22
soporte.renal.trr_continua,soporte,kappa<0.6,0.491,C,Gemma4,41,95.1,0.949,0.5,0.981,29
soporte.renal.trr_continua,soporte,kappa<0.6,0.491,A,Qwen,41,100.0,0.962,0.571,0.977,24
soporte.renal.trr_continua,soporte,kappa<0.6,0.491,B,Qwen,41,80.5,0.647,0.182,1.0,13
soporte.renal.trr_continua,soporte,kappa<0.6,0.491,C,Qwen,41,68.3,0.833,0.235,1.0,23
soporte.renal.trr_continua,soporte,kappa<0.6,0.491,A,Llama-70B,41,22.0,0.09,0.0,,0
soporte.renal.trr_continua,soporte,kappa<0.6,0.491,B,Llama-70B,41,97.6,0.936,0.444,1.0,11
soporte.renal.trr_continua,soporte,kappa<0.6,0.491,C,Llama-70B,41,85.4,0.872,0.286,1.0,7
soporte.respiratorio,soporte,kappa>=0.8,0.807,A,Gemma4,39,100.0,0.933,0.96,0.933,37
soporte.respiratorio,soporte,kappa>=0.8,0.807,B,Gemma4,39,100.0,0.867,0.923,0.7,19
soporte.respiratorio,soporte,kappa>=0.8,0.807,C,Gemma4,39,97.4,0.867,0.923,0.909,26
soporte.respiratorio,soporte,kappa>=0.8,0.807,A,Qwen,39,100.0,0.933,0.96,0.923,24
soporte.respiratorio,soporte,kappa>=0.8,0.807,B,Qwen,39,92.3,0.858,0.898,0.667,12
soporte.respiratorio,soporte,kappa>=0.8,0.807,C,Qwen,39,84.6,0.796,0.826,0.95,21
soporte.respiratorio,soporte,kappa>=0.8,0.807,A,Llama-70B,39,97.4,0.9,0.941,,0
soporte.respiratorio,soporte,kappa>=0.8,0.807,B,Llama-70B,39,97.4,0.879,0.92,0.5,10
soporte.respiratorio,soporte,kappa>=0.8,0.807,C,Llama-70B,39,84.6,0.771,0.84,1.0,5
soporte.respiratorio.bloqueo_neuromuscular,soporte,kappa<0.6,-0.184,A,Gemma4,40,100.0,0.975,0.0,1.0,38
soporte.respiratorio.bloqueo_neuromuscular,soporte,kappa<0.6,-0.184,B,Gemma4,40,100.0,0.975,0.0,1.0,20
soporte.respiratorio.bloqueo_neuromuscular,soporte,kappa<0.6,-0.184,C,Gemma4,40,97.5,0.95,0.0,1.0,28
soporte.respiratorio.bloqueo_neuromuscular,soporte,kappa<0.6,-0.184,A,Qwen,40,100.0,0.975,0.0,1.0,23
soporte.respiratorio.bloqueo_neuromuscular,soporte,kappa<0.6,-0.184,B,Qwen,40,100.0,0.975,0.0,1.0,10
soporte.respiratorio.bloqueo_neuromuscular,soporte,kappa<0.6,-0.184,C,Qwen,40,90.0,0.875,0.0,1.0,21
soporte.respiratorio.bloqueo_neuromuscular,soporte,kappa<0.6,-0.184,A,Llama-70B,40,25.0,0.225,0.0,,0
soporte.respiratorio.bloqueo_neuromuscular,soporte,kappa<0.6,-0.184,B,Llama-70B,40,100.0,0.975,0.0,1.0,9
soporte.respiratorio.bloqueo_neuromuscular,soporte,kappa<0.6,-0.184,C,Llama-70B,40,87.5,0.825,0.0,1.0,5
soporte.respiratorio.traqueostomia,soporte,kappa>=0.8,0.811,A,Gemma4,42,100.0,1.0,1.0,1.0,40
soporte.respiratorio.traqueostomia,soporte,kappa>=0.8,0.811,B,Gemma4,42,100.0,1.0,1.0,1.0,22
soporte.respiratorio.traqueostomia,soporte,kappa>=0.8,0.811,C,Gemma4,42,97.6,0.986,0.909,1.0,31
soporte.respiratorio.traqueostomia,soporte,kappa>=0.8,0.811,A,Qwen,42,100.0,1.0,1.0,1.0,25
soporte.respiratorio.traqueostomia,soporte,kappa>=0.8,0.811,B,Qwen,42,100.0,1.0,1.0,1.0,12
soporte.respiratorio.traqueostomia,soporte,kappa>=0.8,0.811,C,Qwen,42,92.9,0.859,0.667,1.0,24
soporte.respiratorio.traqueostomia,soporte,kappa>=0.8,0.811,A,Llama-70B,42,26.2,0.322,0.114,,0
soporte.respiratorio.traqueostomia,soporte,kappa>=0.8,0.811,B,Llama-70B,42,100.0,1.0,1.0,1.0,13
soporte.respiratorio.traqueostomia,soporte,kappa>=0.8,0.811,C,Llama-70B,42,85.7,0.919,0.625,1.0,7
soporte.respiratorio.vmi,soporte,kappa>=0.8,0.813,A,Gemma4,39,97.4,0.925,0.927,0.947,36
soporte.respiratorio.vmi,soporte,kappa>=0.8,0.813,B,Gemma4,39,100.0,0.9,0.905,0.714,18
soporte.respiratorio.vmi,soporte,kappa>=0.8,0.813,C,Gemma4,39,97.4,0.9,0.905,0.906,27
soporte.respiratorio.vmi,soporte,kappa>=0.8,0.813,A,Qwen,39,100.0,0.925,0.927,0.933,23
soporte.respiratorio.vmi,soporte,kappa>=0.8,0.813,B,Qwen,39,92.3,0.847,0.85,0.667,10
soporte.respiratorio.vmi,soporte,kappa>=0.8,0.813,C,Qwen,39,82.1,0.795,0.789,0.958,20
soporte.respiratorio.vmi,soporte,kappa>=0.8,0.813,A,Llama-70B,39,30.8,0.261,0.356,,0
soporte.respiratorio.vmi,soporte,kappa>=0.8,0.813,B,Llama-70B,39,97.4,0.874,0.878,0.667,11
soporte.respiratorio.vmi,soporte,kappa>=0.8,0.813,C,Llama-70B,39,84.6,0.772,0.791,0.875,6
soporte.respiratorio.vmi.mas_de_un_ciclo,soporte,kappa<0.6,0.588,A,Gemma4,42,100.0,1.0,1.0,1.0,40
soporte.respiratorio.vmi.mas_de_un_ciclo,soporte,kappa<0.6,0.588,B,Gemma4,42,100.0,1.0,1.0,1.0,22
soporte.respiratorio.vmi.mas_de_un_ciclo,soporte,kappa<0.6,0.588,C,Gemma4,42,97.6,0.987,0.857,1.0,30
soporte.respiratorio.vmi.mas_de_un_ciclo,soporte,kappa<0.6,0.588,A,Qwen,42,100.0,0.987,0.857,1.0,25
soporte.respiratorio.vmi.mas_de_un_ciclo,soporte,kappa<0.6,0.588,B,Qwen,42,97.6,0.987,0.857,1.0,12
soporte.respiratorio.vmi.mas_de_un_ciclo,soporte,kappa<0.6,0.588,C,Qwen,42,92.9,0.962,0.667,1.0,23
soporte.respiratorio.vmi.mas_de_un_ciclo,soporte,kappa<0.6,0.588,A,Llama-70B,42,31.0,0.628,0.171,,0
soporte.respiratorio.vmi.mas_de_un_ciclo,soporte,kappa<0.6,0.588,B,Llama-70B,42,100.0,0.936,0.545,0.917,12
soporte.respiratorio.vmi.mas_de_un_ciclo,soporte,kappa<0.6,0.588,C,Llama-70B,42,85.7,0.872,0.375,0.714,7
soporte.respiratorio.vmni,soporte,0.6<=kappa<0.8,0.785,A,Gemma4,42,100.0,0.875,0.857,0.875,41
soporte.respiratorio.vmni,soporte,0.6<=kappa<0.8,0.785,B,Gemma4,42,100.0,0.783,0.429,0.75,23
soporte.respiratorio.vmni,soporte,0.6<=kappa<0.8,0.785,C,Gemma4,42,97.6,0.921,0.571,1.0,30
soporte.respiratorio.vmni,soporte,0.6<=kappa<0.8,0.785,A,Qwen,42,100.0,0.961,0.727,1.0,25
soporte.respiratorio.vmni,soporte,0.6<=kappa<0.8,0.785,B,Qwen,42,90.5,0.783,0.429,1.0,13
soporte.respiratorio.vmni,soporte,0.6<=kappa<0.8,0.785,C,Qwen,42,85.7,0.671,0.333,1.0,24
soporte.respiratorio.vmni,soporte,0.6<=kappa<0.8,0.785,A,Llama-70B,42,31.0,0.132,0.0,,0
soporte.respiratorio.vmni,soporte,0.6<=kappa<0.8,0.785,B,Llama-70B,42,97.6,0.947,0.667,1.0,13
soporte.respiratorio.vmni,soporte,0.6<=kappa<0.8,0.785,C,Llama-70B,42,85.7,0.757,0.375,1.0,7
soporte.sedoanalgesia_continua,soporte,kappa>=0.8,0.811,A,Gemma4,41,78.0,0.824,0.538,0.94,32
soporte.sedoanalgesia_continua,soporte,kappa>=0.8,0.811,B,Gemma4,41,100.0,0.956,0.824,0.9,21
soporte.sedoanalgesia_continua,soporte,kappa>=0.8,0.811,C,Gemma4,41,97.6,0.941,0.778,0.957,29
soporte.sedoanalgesia_continua,soporte,kappa>=0.8,0.811,A,Qwen,41,100.0,0.838,0.56,0.905,25
soporte.sedoanalgesia_continua,soporte,kappa>=0.8,0.811,B,Qwen,41,78.0,0.71,0.455,0.889,12
soporte.sedoanalgesia_continua,soporte,kappa>=0.8,0.811,C,Qwen,41,70.7,0.695,0.435,0.972,22
soporte.sedoanalgesia_continua,soporte,kappa>=0.8,0.811,A,Llama-70B,41,100.0,0.985,0.933,,0
soporte.sedoanalgesia_continua,soporte,kappa>=0.8,0.811,B,Llama-70B,41,97.6,0.971,0.875,1.0,12
soporte.sedoanalgesia_continua,soporte,kappa>=0.8,0.811,C,Llama-70B,41,82.9,0.739,0.5,1.0,6
soporte.transfusion,soporte,0.6<=kappa<0.8,0.712,A,Gemma4,41,100.0,0.968,0.909,0.967,40
soporte.transfusion,soporte,0.6<=kappa<0.8,0.712,B,Gemma4,41,100.0,0.984,0.952,1.0,21
soporte.transfusion,soporte,0.6<=kappa<0.8,0.712,C,Gemma4,41,97.6,0.968,0.909,1.0,30
soporte.transfusion,soporte,0.6<=kappa<0.8,0.712,A,Qwen,41,100.0,0.968,0.909,0.952,25
soporte.transfusion,soporte,0.6<=kappa<0.8,0.712,B,Qwen,41,80.5,0.634,0.429,1.0,12
soporte.transfusion,soporte,0.6<=kappa<0.8,0.712,C,Qwen,41,73.2,0.535,0.25,0.977,24
soporte.transfusion,soporte,0.6<=kappa<0.8,0.712,A,Llama-70B,41,100.0,1.0,1.0,,0
soporte.transfusion,soporte,0.6<=kappa<0.8,0.712,B,Llama-70B,41,95.1,0.868,0.8,1.0,12
soporte.transfusion,soporte,0.6<=kappa<0.8,0.712,C,Llama-70B,41,80.5,0.803,0.667,1.0,6
soporte.transfusion.masiva,soporte,kappa>=0.8,0.8,A,Gemma4,43,100.0,1.0,1.0,1.0,41
soporte.transfusion.masiva,soporte,kappa>=0.8,0.8,B,Gemma4,43,100.0,1.0,1.0,1.0,23
soporte.transfusion.masiva,soporte,kappa>=0.8,0.8,C,Gemma4,43,97.7,0.988,0.8,1.0,31
soporte.transfusion.masiva,soporte,kappa>=0.8,0.8,A,Qwen,43,100.0,1.0,1.0,1.0,25
soporte.transfusion.masiva,soporte,kappa>=0.8,0.8,B,Qwen,43,79.1,0.89,0.308,1.0,13
soporte.transfusion.masiva,soporte,kappa>=0.8,0.8,C,Qwen,43,72.1,0.616,0.143,1.0,24
soporte.transfusion.masiva,soporte,kappa>=0.8,0.8,A,Llama-70B,43,23.3,0.36,0.057,,0
soporte.transfusion.masiva,soporte,kappa>=0.8,0.8,B,Llama-70B,43,97.7,0.988,0.8,1.0,13
soporte.transfusion.masiva,soporte,kappa>=0.8,0.8,C,Llama-70B,43,83.7,0.915,0.364,1.0,7
soporte.transfusion.tipo,soporte,0.6<=kappa<0.8,0.605,A,Gemma4,42,100.0,0.917,0.667,0.912,40
soporte.transfusion.tipo,soporte,0.6<=kappa<0.8,0.605,B,Gemma4,42,100.0,0.944,0.75,0.944,21
soporte.transfusion.tipo,soporte,0.6<=kappa<0.8,0.605,C,Gemma4,42,95.2,0.944,0.75,1.0,29
soporte.transfusion.tipo,soporte,0.6<=kappa<0.8,0.605,A,Qwen,42,88.1,0.597,0.308,0.913,25
soporte.transfusion.tipo,soporte,0.6<=kappa<0.8,0.605,B,Qwen,42,81.0,0.528,0.182,1.0,13
soporte.transfusion.tipo,soporte,0.6<=kappa<0.8,0.605,C,Qwen,42,73.8,0.486,0.143,0.978,24
soporte.transfusion.tipo,soporte,0.6<=kappa<0.8,0.605,A,Llama-70B,42,14.3,0.069,0.0,,0
soporte.transfusion.tipo,soporte,0.6<=kappa<0.8,0.605,B,Llama-70B,42,90.5,0.611,0.333,0.75,12
soporte.transfusion.tipo,soporte,0.6<=kappa<0.8,0.605,C,Llama-70B,42,81.0,0.542,0.235,0.833,6
