Campo_especifico,Bloque,Tramo,Kappa_humano,pct_true
antecedentes.alergias,antecedentes,kappa>=0.8,1.0,10.638
antecedentes.cardiovascular.arritmia_cronica,antecedentes,kappa>=0.8,0.833,16.667
antecedentes.cardiovascular.enfermedad_coronaria,antecedentes,0.6<=kappa<0.8,0.705,12.5
antecedentes.cardiovascular.hipertension_arterial,antecedentes,kappa>=0.8,0.875,45.833
antecedentes.cardiovascular.insuficiencia_cardiaca,antecedentes,kappa>=0.8,1.0,10.417
antecedentes.cardiovascular.valvulopatia_significativa,antecedentes,kappa<0.6,0.505,8.333
antecedentes.dependencia_funcional,antecedentes,kappa<0.6,0.535,10.638
antecedentes.habitos.alcohol,antecedentes,kappa>=0.8,0.874,25.0
antecedentes.habitos.alcohol.carga,antecedentes,kappa<0.6,0.522,6.25
antecedentes.habitos.otras_sustancias,antecedentes,kappa>=0.8,1.0,10.417
antecedentes.habitos.tabaquismo,antecedentes,0.6<=kappa<0.8,0.716,16.667
antecedentes.hepatico_digestivo.cirrosis,antecedentes,0.6<=kappa<0.8,0.793,20.833
antecedentes.hepatico_digestivo.cirrosis.complicada,antecedentes,0.6<=kappa<0.8,0.632,16.667
antecedentes.hepatico_digestivo.otra_hepatica_digestiva,antecedentes,0.6<=kappa<0.8,0.649,20.833
antecedentes.hepatico_digestivo.trasplante_hepatico,antecedentes,0.6<=kappa<0.8,0.663,14.583
antecedentes.inmunologico_reumatologico.autoinmune_tratamiento,antecedentes,0.6<=kappa<0.8,0.74,6.25
antecedentes.metabolico_endocrino.diabetes_mellitus,antecedentes,kappa>=0.8,0.898,33.333
antecedentes.metabolico_endocrino.diabetes_mellitus.complicada,antecedentes,0.6<=kappa<0.8,0.769,10.417
antecedentes.metabolico_endocrino.diabetes_mellitus.no_especificada,antecedentes,kappa<0.6,0.211,6.25
antecedentes.metabolico_endocrino.diabetes_mellitus.tipo_2,antecedentes,kappa>=0.8,0.925,29.167
antecedentes.metabolico_endocrino.dislipidemia,antecedentes,0.6<=kappa<0.8,0.768,10.417
antecedentes.metabolico_endocrino.hipotiroidismo,antecedentes,kappa>=0.8,0.846,10.417
antecedentes.metabolico_endocrino.obesidad,antecedentes,kappa>=0.8,1.0,6.25
antecedentes.metabolico_endocrino.otra_metabolica_endocrina,antecedentes,kappa>=0.8,0.861,10.417
antecedentes.neurologico.otra_neurologica,antecedentes,kappa>=0.8,0.846,8.333
antecedentes.oncologico_hematologico.neoplasia_solida_activa,antecedentes,kappa<0.6,0.396,8.333
antecedentes.oncologico_hematologico.otra_oncologica_hematologica,antecedentes,0.6<=kappa<0.8,0.69,14.583
antecedentes.otro_antecedente_medico,antecedentes,0.6<=kappa<0.8,0.624,22.917
antecedentes.psiquiatrico.uso_cronico_psicofarmacos,antecedentes,kappa<0.6,0.466,10.417
antecedentes.pulmonar.otra_respiratoria,antecedentes,kappa<0.6,0.588,10.417
antecedentes.quirurgicos,antecedentes,kappa<0.6,0.571,82.979
antecedentes.renal.enfermedad_renal_cronica,antecedentes,kappa>=0.8,0.864,20.833
antecedentes.renal.otra_renal,antecedentes,kappa<0.6,0.522,6.25
complicaciones.debilidad_adquirida,complicaciones,kappa<0.6,0.535,10.417
complicaciones.delirium,complicaciones,0.6<=kappa<0.8,0.788,16.667
complicaciones.lesiones_presion,complicaciones,0.6<=kappa<0.8,0.601,8.333
complicaciones.otra,complicaciones,kappa<0.6,0.025,25.0
egreso.reingreso_upc,egreso,0.6<=kappa<0.8,0.709,8.333
falla.hematologica,falla,kappa<0.6,0.41,27.083
falla.hemodinamica,falla,kappa>=0.8,0.923,47.917
falla.hepatica,falla,kappa>=0.8,0.814,18.75
falla.multiorganica,falla,kappa<0.6,0.553,33.333
falla.neurologica,falla,kappa<0.6,0.493,22.917
falla.otra,falla,kappa<0.6,-0.176,6.25
falla.renal_aguda,falla,kappa>=0.8,0.919,43.75
falla.respiratoria,falla,0.6<=kappa<0.8,0.769,52.083
infecciones.estadia_upc,infecciones,0.6<=kappa<0.8,0.651,64.583
infecciones.focos.cateter,infecciones,kappa<0.6,0.584,12.5
infecciones.focos.cateter.agente,infecciones,kappa<0.6,0.584,12.5
infecciones.focos.cateter.iaas,infecciones,kappa<0.6,0.476,10.417
infecciones.focos.cateter.tratamiento,infecciones,kappa<0.6,0.194,10.417
infecciones.focos.digestivo_biliar,infecciones,kappa>=0.8,0.811,18.75
infecciones.focos.digestivo_biliar.agente,infecciones,0.6<=kappa<0.8,0.749,14.583
infecciones.focos.digestivo_biliar.tratamiento,infecciones,0.6<=kappa<0.8,0.766,14.583
infecciones.focos.no_identificado,infecciones,kappa<0.6,0.595,8.333
infecciones.focos.otro,infecciones,kappa<0.6,-0.041,6.25
infecciones.focos.piel_blandas,infecciones,0.6<=kappa<0.8,0.799,6.25
infecciones.focos.respiratorio,infecciones,kappa<0.6,0.399,41.667
infecciones.focos.respiratorio.agente,infecciones,0.6<=kappa<0.8,0.716,25.0
infecciones.focos.respiratorio.iaas,infecciones,kappa<0.6,0.437,25.0
infecciones.focos.respiratorio.tratamiento,infecciones,kappa<0.6,0.457,29.167
infecciones.focos.urinario,infecciones,kappa>=0.8,0.873,10.417
infecciones.focos.urinario.agente,infecciones,0.6<=kappa<0.8,0.722,10.417
infecciones.focos.urinario.tratamiento,infecciones,kappa>=0.8,0.845,8.333
infecciones.sepsis,infecciones,kappa>=0.8,0.842,45.833
soporte.hemodinamico,soporte,kappa>=0.8,0.864,56.25
soporte.hemodinamico.drogas_vasoactivas,soporte,kappa>=0.8,0.909,54.167
soporte.hemodinamico.inotropicos,soporte,kappa>=0.8,1.0,8.333
soporte.hfav,soporte,kappa<0.6,0.485,10.417
soporte.intervenciones,soporte,kappa<0.6,0.39,62.5
soporte.intervenciones.endoscopico,soporte,kappa<0.6,0.537,14.583
soporte.intervenciones.otro,soporte,kappa<0.6,0.491,14.583
soporte.intervenciones.quirurgico,soporte,kappa<0.6,0.401,33.333
soporte.reanimacion,soporte,0.6<=kappa<0.8,0.619,12.5
soporte.reanimacion.fecha_disponible,soporte,0.6<=kappa<0.8,0.667,6.25
soporte.reanimacion.retorno_circulacion,soporte,0.6<=kappa<0.8,0.649,8.333
soporte.renal,soporte,kappa>=0.8,0.841,35.417
soporte.renal.hemodialisis_aguda,soporte,0.6<=kappa<0.8,0.703,18.75
soporte.renal.otro,soporte,kappa<0.6,0.219,8.333
soporte.renal.trr_continua,soporte,kappa<0.6,0.491,12.5
soporte.respiratorio,soporte,kappa>=0.8,0.807,64.583
soporte.respiratorio.bloqueo_neuromuscular,soporte,kappa<0.6,-0.184,10.417
soporte.respiratorio.traqueostomia,soporte,kappa>=0.8,0.811,14.583
soporte.respiratorio.vmi,soporte,kappa>=0.8,0.813,54.167
soporte.respiratorio.vmi.mas_de_un_ciclo,soporte,kappa<0.6,0.588,12.5
soporte.respiratorio.vmni,soporte,0.6<=kappa<0.8,0.785,14.583
soporte.sedoanalgesia_continua,soporte,kappa>=0.8,0.811,25.0
soporte.transfusion,soporte,0.6<=kappa<0.8,0.712,31.25
soporte.transfusion.masiva,soporte,kappa>=0.8,0.8,6.25
soporte.transfusion.tipo,soporte,0.6<=kappa<0.8,0.605,20.833
