Nivel_1,Nivel_2,Nivel_3,Nivel_4,Campo_especifico,Tipo_dato,Grupo,N_epicrisis_incluidas,Kappa_Fleiss,AC1_Gwet,F1_promedio,Kappa_IC95_inf,Kappa_IC95_sup,Kappa_SE_bootstrap,AC1_IC95_inf,AC1_IC95_sup,AC1_SE_bootstrap,F1_IC95_inf,F1_IC95_sup,F1_SE_bootstrap,Porcentaje_incertidumbre,ICC,Porcentaje_matching_promedio
antecedentes,,,,antecedentes,booleano,Todas (2-3 anotadores),44,0.799,0.974,0.992,-0.16,1.0,0.333,0.915,1.0,0.027,0.973,1.0,0.008,0.0,0.845,98.9
antecedentes,,,,antecedentes,booleano,Solo 3 anotadores,12,1.0,1.0,1.0,1.0,1.0,0.0,1.0,1.0,0.0,1.0,1.0,0.0,0.0,1.0,100.0
antecedentes,alergias,,,antecedentes.alergias,booleano,Todas (2-3 anotadores),42,1.0,1.0,1.0,1.0,1.0,0.0,1.0,1.0,0.0,1.0,1.0,0.0,1.0,1.0,100.0
antecedentes,alergias,,,antecedentes.alergias,booleano,Solo 3 anotadores,12,1.0,1.0,1.0,1.0,1.0,0.0,1.0,1.0,0.0,1.0,1.0,0.0,0.0,1.0,100.0
antecedentes,cardiovascular,,,antecedentes.cardiovascular,booleano,Todas (2-3 anotadores),44,0.803,0.803,0.904,0.603,0.939,0.087,0.628,0.943,0.082,0.806,0.976,0.045,0.0,0.802,95.1
antecedentes,cardiovascular,,,antecedentes.cardiovascular,booleano,Solo 3 anotadores,12,0.771,0.784,0.905,0.357,1.0,0.171,0.484,1.0,0.138,0.727,1.0,0.073,0.0,0.788,94.5
antecedentes,cardiovascular,accidente_cerebrovascular_previo,,antecedentes.cardiovascular.accidente_cerebrovascular_previo,booleano,Todas (2-3 anotadores),44,1.0,1.0,1.0,1.0,1.0,0.0,1.0,1.0,0.0,1.0,1.0,0.0,0.0,1.0,100.0
antecedentes,cardiovascular,accidente_cerebrovascular_previo,,antecedentes.cardiovascular.accidente_cerebrovascular_previo,booleano,Solo 3 anotadores,12,1.0,1.0,,1.0,1.0,0.0,1.0,1.0,0.0,,,,0.0,,100.0
antecedentes,cardiovascular,arritmia_cronica,,antecedentes.cardiovascular.arritmia_cronica,booleano,Todas (2-3 anotadores),44,0.833,0.951,0.824,0.468,1.0,0.141,0.858,1.0,0.037,0.4,1.0,0.157,0.0,0.82,98.1
antecedentes,cardiovascular,arritmia_cronica,,antecedentes.cardiovascular.arritmia_cronica,booleano,Solo 3 anotadores,12,0.719,0.931,0.75,-0.091,1.0,0.4,0.733,1.0,0.074,0.0,1.0,0.385,0.0,0.738,97.2
antecedentes,cardiovascular,dispositivo_cardiaco,,antecedentes.cardiovascular.dispositivo_cardiaco,booleano,Todas (2-3 anotadores),44,1.0,1.0,1.0,1.0,1.0,0.0,1.0,1.0,0.0,1.0,1.0,0.0,0.0,1.0,100.0
antecedentes,cardiovascular,dispositivo_cardiaco,,antecedentes.cardiovascular.dispositivo_cardiaco,booleano,Solo 3 anotadores,12,1.0,1.0,,1.0,1.0,0.0,1.0,1.0,0.0,,,,0.0,,100.0
antecedentes,cardiovascular,enfermedad_coronaria,,antecedentes.cardiovascular.enfermedad_coronaria,booleano,Todas (2-3 anotadores),44,0.705,0.935,0.615,0.24,1.0,0.18,0.839,1.0,0.041,0.221,1.0,0.179,1.0,0.643,97.3
antecedentes,cardiovascular,enfermedad_coronaria,,antecedentes.cardiovascular.enfermedad_coronaria,booleano,Solo 3 anotadores,12,0.273,0.869,0.333,-0.091,1.0,0.306,0.575,1.0,0.104,0.0,0.5,0.196,2.8,0.305,94.5
antecedentes,cardiovascular,enfermedad_vascular_periferica,,antecedentes.cardiovascular.enfermedad_vascular_periferica,booleano,Todas (2-3 anotadores),44,1.0,1.0,1.0,1.0,1.0,0.0,1.0,1.0,0.0,1.0,1.0,0.0,0.0,1.0,100.0
antecedentes,cardiovascular,enfermedad_vascular_periferica,,antecedentes.cardiovascular.enfermedad_vascular_periferica,booleano,Solo 3 anotadores,12,1.0,1.0,,1.0,1.0,0.0,1.0,1.0,0.0,,,,0.0,,100.0
antecedentes,cardiovascular,hipertension_arterial,,antecedentes.cardiovascular.hipertension_arterial,booleano,Todas (2-3 anotadores),43,0.875,0.877,0.938,0.703,1.0,0.073,0.721,1.0,0.069,0.836,1.0,0.041,1.0,0.881,96.9
antecedentes,cardiovascular,hipertension_arterial,,antecedentes.cardiovascular.hipertension_arterial,booleano,Solo 3 anotadores,12,0.889,0.889,0.947,0.556,1.0,0.121,0.667,1.0,0.103,0.8,1.0,0.064,2.8,0.897,97.2
antecedentes,cardiovascular,hipertension_pulmonar,,antecedentes.cardiovascular.hipertension_pulmonar,booleano,Todas (2-3 anotadores),44,1.0,1.0,,1.0,1.0,0.0,1.0,1.0,0.0,,,,0.0,,100.0
antecedentes,cardiovascular,hipertension_pulmonar,,antecedentes.cardiovascular.hipertension_pulmonar,booleano,Solo 3 anotadores,12,1.0,1.0,,1.0,1.0,0.0,1.0,1.0,0.0,,,,0.0,,100.0
antecedentes,cardiovascular,insuficiencia_cardiaca,,antecedentes.cardiovascular.insuficiencia_cardiaca,booleano,Todas (2-3 anotadores),44,1.0,1.0,1.0,1.0,1.0,0.0,1.0,1.0,0.0,1.0,1.0,0.0,0.0,1.0,100.0
antecedentes,cardiovascular,insuficiencia_cardiaca,,antecedentes.cardiovascular.insuficiencia_cardiaca,booleano,Solo 3 anotadores,12,1.0,1.0,,1.0,1.0,0.0,1.0,1.0,0.0,,,,0.0,,100.0
antecedentes,cardiovascular,otra_cardiovascular,,antecedentes.cardiovascular.otra_cardiovascular,booleano,Todas (2-3 anotadores),43,0.232,0.968,0.0,0.177,1.0,0.27,0.914,1.0,0.024,0.0,0.0,0.0,0.0,-0.214,98.5
antecedentes,cardiovascular,otra_cardiovascular,,antecedentes.cardiovascular.otra_cardiovascular,booleano,Solo 3 anotadores,11,-0.065,0.863,0.0,-0.179,1.0,0.357,0.592,1.0,0.107,0.0,0.0,0.0,0.0,-0.034,93.9
antecedentes,cardiovascular,valvulopatia_significativa,,antecedentes.cardiovascular.valvulopatia_significativa,booleano,Todas (2-3 anotadores),43,0.505,0.958,0.4,-0.175,1.0,0.359,0.889,1.0,0.03,0.0,1.0,0.337,0.0,0.467,98.1
antecedentes,cardiovascular,valvulopatia_significativa,,antecedentes.cardiovascular.valvulopatia_significativa,booleano,Solo 3 anotadores,12,-0.029,0.941,0.0,-0.091,1.0,0.5,0.803,1.0,0.063,0.0,0.0,0.0,0.0,0.0,97.2
antecedentes,dependencia_funcional,,,antecedentes.dependencia_funcional,booleano,Todas (2-3 anotadores),42,0.535,0.926,0.5,-0.155,1.0,0.287,0.824,1.0,0.044,0.0,1.0,0.265,2.1,0.548,96.8
antecedentes,dependencia_funcional,,,antecedentes.dependencia_funcional,booleano,Solo 3 anotadores,11,-0.031,0.936,0.0,-0.1,1.0,0.503,0.782,1.0,0.07,0.0,0.0,0.0,0.0,-0.0,97.0
antecedentes,habitos,,,antecedentes.habitos,booleano,Todas (2-3 anotadores),44,0.821,0.844,0.902,0.626,0.953,0.088,0.676,0.963,0.075,0.769,0.98,0.055,0.0,0.838,95.8
antecedentes,habitos,,,antecedentes.habitos,booleano,Solo 3 anotadores,12,0.883,0.894,0.929,0.556,1.0,0.122,0.667,1.0,0.103,0.714,1.0,0.077,0.0,0.892,97.2
antecedentes,habitos,alcohol,,antecedentes.habitos.alcohol,booleano,Todas (2-3 anotadores),43,0.874,0.926,0.933,0.655,1.0,0.091,0.808,1.0,0.053,0.8,1.0,0.056,1.0,0.904,97.7
antecedentes,habitos,alcohol,,antecedentes.habitos.alcohol,booleano,Solo 3 anotadores,12,1.0,1.0,1.0,1.0,1.0,0.0,1.0,1.0,0.0,1.0,1.0,0.0,0.0,1.0,100.0
antecedentes,habitos,alcohol,carga,antecedentes.habitos.alcohol.carga,booleano,Todas (2-3 anotadores),44,0.522,0.95,0.75,-0.194,1.0,0.431,0.866,1.0,0.037,0.0,1.0,0.404,2.0,0.631,97.7
antecedentes,habitos,alcohol,carga,antecedentes.habitos.alcohol.carga,booleano,Solo 3 anotadores,12,1.0,1.0,1.0,1.0,1.0,0.0,1.0,1.0,0.0,1.0,1.0,0.0,0.0,1.0,100.0
antecedentes,habitos,otras_sustancias,,antecedentes.habitos.otras_sustancias,booleano,Todas (2-3 anotadores),43,1.0,1.0,1.0,1.0,1.0,0.0,1.0,1.0,0.0,1.0,1.0,0.0,1.0,1.0,100.0
antecedentes,habitos,otras_sustancias,,antecedentes.habitos.otras_sustancias,booleano,Solo 3 anotadores,12,1.0,1.0,1.0,1.0,1.0,0.0,1.0,1.0,0.0,1.0,1.0,0.0,0.0,1.0,100.0
antecedentes,habitos,tabaquismo,,antecedentes.habitos.tabaquismo,booleano,Todas (2-3 anotadores),43,0.716,0.893,0.769,0.382,0.937,0.147,0.765,0.982,0.057,0.476,0.952,0.124,1.0,0.696,96.1
antecedentes,habitos,tabaquismo,,antecedentes.habitos.tabaquismo,booleano,Solo 3 anotadores,12,0.723,0.814,0.8,0.357,1.0,0.182,0.484,1.0,0.139,0.5,1.0,0.142,0.0,0.742,94.5
antecedentes,habitos,tabaquismo,carga,antecedentes.habitos.tabaquismo.carga,booleano,Todas (2-3 anotadores),44,1.0,1.0,1.0,1.0,1.0,0.0,1.0,1.0,0.0,1.0,1.0,0.0,2.0,1.0,100.0
antecedentes,habitos,tabaquismo,carga,antecedentes.habitos.tabaquismo.carga,booleano,Solo 3 anotadores,12,1.0,1.0,1.0,1.0,1.0,0.0,1.0,1.0,0.0,1.0,1.0,0.0,0.0,1.0,100.0
antecedentes,hepatico_digestivo,,,antecedentes.hepatico_digestivo,booleano,Todas (2-3 anotadores),44,0.812,0.851,0.884,0.594,0.953,0.097,0.698,0.963,0.073,0.706,0.978,0.073,0.0,0.829,95.8
antecedentes,hepatico_digestivo,,,antecedentes.hepatico_digestivo,booleano,Solo 3 anotadores,12,0.862,0.907,0.9,0.291,1.0,0.205,0.7,1.0,0.09,0.429,1.0,0.181,0.0,0.872,97.2
antecedentes,hepatico_digestivo,cirrosis,,antecedentes.hepatico_digestivo.cirrosis,booleano,Todas (2-3 anotadores),43,0.793,0.911,0.818,0.483,1.0,0.133,0.787,1.0,0.054,0.5,1.0,0.13,1.0,0.802,96.9
antecedentes,hepatico_digestivo,cirrosis,,antecedentes.hepatico_digestivo.cirrosis,booleano,Solo 3 anotadores,12,0.719,0.931,0.75,-0.091,1.0,0.411,0.733,1.0,0.073,0.0,1.0,0.396,0.0,0.738,97.2
antecedentes,hepatico_digestivo,cirrosis,complicada,antecedentes.hepatico_digestivo.cirrosis.complicada,booleano,Todas (2-3 anotadores),44,0.632,0.892,0.706,0.118,0.925,0.209,0.757,0.981,0.059,0.2,0.96,0.202,1.0,0.664,95.8
antecedentes,hepatico_digestivo,cirrosis,complicada,antecedentes.hepatico_digestivo.cirrosis.complicada,booleano,Solo 3 anotadores,12,0.719,0.931,0.75,-0.091,1.0,0.411,0.733,1.0,0.073,0.0,1.0,0.396,0.0,0.738,97.2
antecedentes,hepatico_digestivo,enfermedad_inflamatoria_intestinal,,antecedentes.hepatico_digestivo.enfermedad_inflamatoria_intestinal,booleano,Todas (2-3 anotadores),44,1.0,1.0,,1.0,1.0,0.0,1.0,1.0,0.0,,,,0.0,,100.0
antecedentes,hepatico_digestivo,enfermedad_inflamatoria_intestinal,,antecedentes.hepatico_digestivo.enfermedad_inflamatoria_intestinal,booleano,Solo 3 anotadores,12,1.0,1.0,,1.0,1.0,0.0,1.0,1.0,0.0,,,,0.0,,100.0
antecedentes,hepatico_digestivo,otra_hepatica_digestiva,,antecedentes.hepatico_digestivo.otra_hepatica_digestiva,booleano,Todas (2-3 anotadores),43,0.649,0.859,0.72,0.236,0.906,0.169,0.706,0.973,0.066,0.25,0.919,0.17,0.0,0.648,95.0
antecedentes,hepatico_digestivo,otra_hepatica_digestiva,,antecedentes.hepatico_digestivo.otra_hepatica_digestiva,booleano,Solo 3 anotadores,12,0.679,0.83,0.75,-0.091,1.0,0.31,0.575,1.0,0.114,0.0,1.0,0.287,0.0,0.7,94.5
antecedentes,hepatico_digestivo,trasplante_hepatico,,antecedentes.hepatico_digestivo.trasplante_hepatico,booleano,Todas (2-3 anotadores),44,0.663,0.926,0.714,-0.027,1.0,0.24,0.823,1.0,0.045,0.0,1.0,0.24,0.0,0.676,97.0
antecedentes,hepatico_digestivo,trasplante_hepatico,,antecedentes.hepatico_digestivo.trasplante_hepatico,booleano,Solo 3 anotadores,12,0.719,0.931,0.75,-0.091,1.0,0.415,0.768,1.0,0.073,0.0,1.0,0.4,0.0,0.738,97.2
antecedentes,infeccioso,,,antecedentes.infeccioso,booleano,Todas (2-3 anotadores),44,1.0,1.0,1.0,1.0,1.0,0.0,1.0,1.0,0.0,1.0,1.0,0.0,0.0,1.0,100.0
antecedentes,infeccioso,,,antecedentes.infeccioso,booleano,Solo 3 anotadores,12,1.0,1.0,,1.0,1.0,0.0,1.0,1.0,0.0,,,,0.0,,100.0
antecedentes,infeccioso,hepatitis_viral_cronica,,antecedentes.infeccioso.hepatitis_viral_cronica,booleano,Todas (2-3 anotadores),44,1.0,1.0,,1.0,1.0,0.0,1.0,1.0,0.0,,,,0.0,,100.0
antecedentes,infeccioso,hepatitis_viral_cronica,,antecedentes.infeccioso.hepatitis_viral_cronica,booleano,Solo 3 anotadores,12,1.0,1.0,,1.0,1.0,0.0,1.0,1.0,0.0,,,,0.0,,100.0
antecedentes,infeccioso,otra_infeccion_cronica,,antecedentes.infeccioso.otra_infeccion_cronica,booleano,Todas (2-3 anotadores),44,1.0,1.0,1.0,1.0,1.0,0.0,1.0,1.0,0.0,1.0,1.0,0.0,0.0,1.0,100.0
antecedentes,infeccioso,otra_infeccion_cronica,,antecedentes.infeccioso.otra_infeccion_cronica,booleano,Solo 3 anotadores,12,1.0,1.0,,1.0,1.0,0.0,1.0,1.0,0.0,,,,0.0,,100.0
antecedentes,infeccioso,tuberculosis,,antecedentes.infeccioso.tuberculosis,booleano,Todas (2-3 anotadores),44,1.0,1.0,,1.0,1.0,0.0,1.0,1.0,0.0,,,,0.0,,100.0
antecedentes,infeccioso,tuberculosis,,antecedentes.infeccioso.tuberculosis,booleano,Solo 3 anotadores,12,1.0,1.0,,1.0,1.0,0.0,1.0,1.0,0.0,,,,0.0,,100.0
antecedentes,infeccioso,tuberculosis,activa,antecedentes.infeccioso.tuberculosis.activa,booleano,Todas (2-3 anotadores),44,1.0,1.0,,1.0,1.0,0.0,1.0,1.0,0.0,,,,0.0,,100.0
antecedentes,infeccioso,tuberculosis,activa,antecedentes.infeccioso.tuberculosis.activa,booleano,Solo 3 anotadores,12,1.0,1.0,,1.0,1.0,0.0,1.0,1.0,0.0,,,,0.0,,100.0
antecedentes,infeccioso,vih,,antecedentes.infeccioso.vih,booleano,Todas (2-3 anotadores),44,1.0,1.0,,1.0,1.0,0.0,1.0,1.0,0.0,,,,0.0,,100.0
antecedentes,infeccioso,vih,,antecedentes.infeccioso.vih,booleano,Solo 3 anotadores,12,1.0,1.0,,1.0,1.0,0.0,1.0,1.0,0.0,,,,0.0,,100.0
antecedentes,inmunologico_reumatologico,,,antecedentes.inmunologico_reumatologico,booleano,Todas (2-3 anotadores),44,0.841,0.983,0.667,0.212,1.0,0.222,0.943,1.0,0.018,0.0,1.0,0.309,0.0,0.754,99.2
antecedentes,inmunologico_reumatologico,,,antecedentes.inmunologico_reumatologico,booleano,Solo 3 anotadores,12,-0.029,0.941,0.0,-0.091,1.0,0.5,0.803,1.0,0.063,0.0,0.0,0.0,0.0,0.0,97.2
antecedentes,inmunologico_reumatologico,autoinmune_tratamiento,,antecedentes.inmunologico_reumatologico.autoinmune_tratamiento,booleano,Todas (2-3 anotadores),44,0.74,0.984,0.5,0.197,1.0,0.3,0.946,1.0,0.017,0.0,1.0,0.38,0.0,0.598,99.2
antecedentes,inmunologico_reumatologico,autoinmune_tratamiento,,antecedentes.inmunologico_reumatologico.autoinmune_tratamiento,booleano,Solo 3 anotadores,12,-0.029,0.941,0.0,-0.091,1.0,0.5,0.803,1.0,0.063,0.0,0.0,0.0,0.0,0.0,97.2
antecedentes,inmunologico_reumatologico,inmunosupresion_cronica,,antecedentes.inmunologico_reumatologico.inmunosupresion_cronica,booleano,Todas (2-3 anotadores),44,1.0,1.0,,1.0,1.0,0.0,1.0,1.0,0.0,,,,0.0,,100.0
antecedentes,inmunologico_reumatologico,inmunosupresion_cronica,,antecedentes.inmunologico_reumatologico.inmunosupresion_cronica,booleano,Solo 3 anotadores,12,1.0,1.0,,1.0,1.0,0.0,1.0,1.0,0.0,,,,0.0,,100.0
antecedentes,inmunologico_reumatologico,otra_inmunologica_reumatologica,,antecedentes.inmunologico_reumatologico.otra_inmunologica_reumatologica,booleano,Todas (2-3 anotadores),44,1.0,1.0,1.0,1.0,1.0,0.0,1.0,1.0,0.0,1.0,1.0,0.0,0.0,1.0,100.0
antecedentes,inmunologico_reumatologico,otra_inmunologica_reumatologica,,antecedentes.inmunologico_reumatologico.otra_inmunologica_reumatologica,booleano,Solo 3 anotadores,12,1.0,1.0,,1.0,1.0,0.0,1.0,1.0,0.0,,,,0.0,,100.0
antecedentes,inmunologico_reumatologico,trasplante_organo_solido_otro,,antecedentes.inmunologico_reumatologico.trasplante_organo_solido_otro,booleano,Todas (2-3 anotadores),44,1.0,1.0,,1.0,1.0,0.0,1.0,1.0,0.0,,,,0.0,,100.0
antecedentes,inmunologico_reumatologico,trasplante_organo_solido_otro,,antecedentes.inmunologico_reumatologico.trasplante_organo_solido_otro,booleano,Solo 3 anotadores,12,1.0,1.0,,1.0,1.0,0.0,1.0,1.0,0.0,,,,0.0,,100.0
antecedentes,medicos,,,antecedentes.medicos,booleano,Todas (2-3 anotadores),44,0.807,0.953,0.975,0.393,1.0,0.174,0.875,1.0,0.036,0.93,1.0,0.019,0.0,0.792,98.1
antecedentes,medicos,,,antecedentes.medicos,booleano,Solo 3 anotadores,12,0.719,0.931,0.969,-0.091,1.0,0.407,0.733,1.0,0.075,0.889,1.0,0.033,0.0,0.738,97.2
antecedentes,metabolico_endocrino,,,antecedentes.metabolico_endocrino,booleano,Todas (2-3 anotadores),44,0.833,0.834,0.93,0.649,0.969,0.081,0.655,0.97,0.079,0.842,0.987,0.038,0.0,0.848,95.8
antecedentes,metabolico_endocrino,,,antecedentes.metabolico_endocrino,booleano,Solo 3 anotadores,12,0.88,0.897,0.957,0.518,1.0,0.162,0.676,1.0,0.097,0.846,1.0,0.047,0.0,0.889,97.2
antecedentes,metabolico_endocrino,diabetes_mellitus,,antecedentes.metabolico_endocrino.diabetes_mellitus,booleano,Todas (2-3 anotadores),44,0.898,0.918,0.958,0.72,1.0,0.074,0.782,1.0,0.058,0.865,1.0,0.035,0.0,0.92,97.7
antecedentes,metabolico_endocrino,diabetes_mellitus,,antecedentes.metabolico_endocrino.diabetes_mellitus,booleano,Solo 3 anotadores,11,1.0,1.0,1.0,1.0,1.0,0.0,1.0,1.0,0.0,1.0,1.0,0.0,0.0,1.0,100.0
antecedentes,metabolico_endocrino,diabetes_mellitus,complicada,antecedentes.metabolico_endocrino.diabetes_mellitus.complicada,booleano,Todas (2-3 anotadores),44,0.769,0.955,0.769,0.089,1.0,0.22,0.878,1.0,0.033,0.0,1.0,0.236,0.0,0.751,98.1
antecedentes,metabolico_endocrino,diabetes_mellitus,complicada,antecedentes.metabolico_endocrino.diabetes_mellitus.complicada,booleano,Solo 3 anotadores,12,0.719,0.931,0.75,-0.091,1.0,0.405,0.733,1.0,0.074,0.0,1.0,0.389,0.0,0.738,97.2
antecedentes,metabolico_endocrino,diabetes_mellitus,no_especificada,antecedentes.metabolico_endocrino.diabetes_mellitus.no_especificada,booleano,Todas (2-3 anotadores),44,0.211,0.934,0.333,-0.206,1.0,0.306,0.835,1.0,0.041,0.0,0.5,0.191,0.0,0.235,97.0
antecedentes,metabolico_endocrino,diabetes_mellitus,no_especificada,antecedentes.metabolico_endocrino.diabetes_mellitus.no_especificada,booleano,Solo 3 anotadores,12,0.471,0.938,0.5,0.4,1.0,0.262,0.769,1.0,0.073,0.5,0.5,0.0,0.0,0.5,97.2
antecedentes,metabolico_endocrino,diabetes_mellitus,tipo_1,antecedentes.metabolico_endocrino.diabetes_mellitus.tipo_1,booleano,Todas (2-3 anotadores),44,1.0,1.0,,1.0,1.0,0.0,1.0,1.0,0.0,,,,0.0,,100.0
antecedentes,metabolico_endocrino,diabetes_mellitus,tipo_1,antecedentes.metabolico_endocrino.diabetes_mellitus.tipo_1,booleano,Solo 3 anotadores,12,1.0,1.0,,1.0,1.0,0.0,1.0,1.0,0.0,,,,0.0,,100.0
antecedentes,metabolico_endocrino,diabetes_mellitus,tipo_2,antecedentes.metabolico_endocrino.diabetes_mellitus.tipo_2,booleano,Todas (2-3 anotadores),44,0.925,0.949,0.905,0.79,1.0,0.058,0.864,1.0,0.037,0.706,1.0,0.079,0.0,0.884,98.5
antecedentes,metabolico_endocrino,diabetes_mellitus,tipo_2,antecedentes.metabolico_endocrino.diabetes_mellitus.tipo_2,booleano,Solo 3 anotadores,12,0.766,0.788,0.857,0.291,1.0,0.186,0.471,1.0,0.137,0.499,1.0,0.142,0.0,0.783,94.5
antecedentes,metabolico_endocrino,dislipidemia,,antecedentes.metabolico_endocrino.dislipidemia,booleano,Todas (2-3 anotadores),43,0.768,0.953,0.727,0.363,1.0,0.182,0.867,1.0,0.036,0.444,1.0,0.162,1.0,0.751,98.1
antecedentes,metabolico_endocrino,dislipidemia,,antecedentes.metabolico_endocrino.dislipidemia,booleano,Solo 3 anotadores,12,0.471,0.938,0.5,0.4,1.0,0.265,0.769,1.0,0.075,0.5,0.5,0.0,2.8,0.5,97.2
antecedentes,metabolico_endocrino,hipotiroidismo,,antecedentes.metabolico_endocrino.hipotiroidismo,booleano,Todas (2-3 anotadores),44,0.846,0.973,0.909,-0.126,1.0,0.24,0.902,1.0,0.029,0.0,1.0,0.201,1.0,0.881,98.9
antecedentes,metabolico_endocrino,hipotiroidismo,,antecedentes.metabolico_endocrino.hipotiroidismo,booleano,Solo 3 anotadores,12,1.0,1.0,1.0,1.0,1.0,0.0,1.0,1.0,0.0,1.0,1.0,0.0,0.0,1.0,100.0
antecedentes,metabolico_endocrino,obesidad,,antecedentes.metabolico_endocrino.obesidad,booleano,Todas (2-3 anotadores),43,1.0,1.0,1.0,1.0,1.0,0.0,1.0,1.0,0.0,1.0,1.0,0.0,0.0,1.0,100.0
antecedentes,metabolico_endocrino,obesidad,,antecedentes.metabolico_endocrino.obesidad,booleano,Solo 3 anotadores,10,1.0,1.0,1.0,1.0,1.0,0.0,1.0,1.0,0.0,1.0,1.0,0.0,0.0,1.0,100.0
antecedentes,metabolico_endocrino,otra_metabolica_endocrina,,antecedentes.metabolico_endocrino.otra_metabolica_endocrina,booleano,Todas (2-3 anotadores),44,0.861,0.973,0.933,0.256,1.0,0.212,0.908,1.0,0.028,0.4,1.0,0.173,0.0,0.893,98.9
antecedentes,metabolico_endocrino,otra_metabolica_endocrina,,antecedentes.metabolico_endocrino.otra_metabolica_endocrina,booleano,Solo 3 anotadores,12,1.0,1.0,1.0,1.0,1.0,0.0,1.0,1.0,0.0,1.0,1.0,0.0,0.0,1.0,100.0
antecedentes,neurologico,,,antecedentes.neurologico,booleano,Todas (2-3 anotadores),44,0.811,0.94,0.9,0.397,1.0,0.166,0.85,1.0,0.042,0.5,1.0,0.126,0.0,0.855,97.7
antecedentes,neurologico,,,antecedentes.neurologico,booleano,Solo 3 anotadores,12,1.0,1.0,1.0,1.0,1.0,0.0,1.0,1.0,0.0,1.0,1.0,0.0,0.0,1.0,100.0
antecedentes,neurologico,demencia,,antecedentes.neurologico.demencia,booleano,Todas (2-3 anotadores),44,1.0,1.0,1.0,1.0,1.0,0.0,1.0,1.0,0.0,1.0,1.0,0.0,0.0,1.0,100.0
antecedentes,neurologico,demencia,,antecedentes.neurologico.demencia,booleano,Solo 3 anotadores,12,1.0,1.0,1.0,1.0,1.0,0.0,1.0,1.0,0.0,1.0,1.0,0.0,0.0,1.0,100.0
antecedentes,neurologico,epilepsia,,antecedentes.neurologico.epilepsia,booleano,Todas (2-3 anotadores),44,1.0,1.0,1.0,1.0,1.0,0.0,1.0,1.0,0.0,1.0,1.0,0.0,0.0,1.0,100.0
antecedentes,neurologico,epilepsia,,antecedentes.neurologico.epilepsia,booleano,Solo 3 anotadores,12,1.0,1.0,,1.0,1.0,0.0,1.0,1.0,0.0,,,,0.0,,100.0
antecedentes,neurologico,otra_neurologica,,antecedentes.neurologico.otra_neurologica,booleano,Todas (2-3 anotadores),44,0.846,0.973,0.909,-0.102,1.0,0.231,0.913,1.0,0.026,0.0,1.0,0.196,0.0,0.881,98.9
antecedentes,neurologico,otra_neurologica,,antecedentes.neurologico.otra_neurologica,booleano,Solo 3 anotadores,12,1.0,1.0,1.0,1.0,1.0,0.0,1.0,1.0,0.0,1.0,1.0,0.0,0.0,1.0,100.0
antecedentes,neurologico,parkinson,,antecedentes.neurologico.parkinson,booleano,Todas (2-3 anotadores),44,1.0,1.0,,1.0,1.0,0.0,1.0,1.0,0.0,,,,0.0,,100.0
antecedentes,neurologico,parkinson,,antecedentes.neurologico.parkinson,booleano,Solo 3 anotadores,12,1.0,1.0,,1.0,1.0,0.0,1.0,1.0,0.0,,,,0.0,,100.0
antecedentes,neurologico,secuela_neurologica,,antecedentes.neurologico.secuela_neurologica,booleano,Todas (2-3 anotadores),44,0.609,0.976,0.667,-0.205,1.0,0.443,0.922,1.0,0.024,0.0,1.0,0.381,0.0,0.699,98.9
antecedentes,neurologico,secuela_neurologica,,antecedentes.neurologico.secuela_neurologica,booleano,Solo 3 anotadores,12,1.0,1.0,,1.0,1.0,0.0,1.0,1.0,0.0,,,,0.0,,100.0
antecedentes,oncologico_hematologico,,,antecedentes.oncologico_hematologico,booleano,Todas (2-3 anotadores),44,0.795,0.898,0.889,0.489,1.0,0.126,0.764,1.0,0.06,0.667,1.0,0.088,0.0,0.842,96.6
antecedentes,oncologico_hematologico,,,antecedentes.oncologico_hematologico,booleano,Solo 3 anotadores,12,1.0,1.0,1.0,1.0,1.0,0.0,1.0,1.0,0.0,1.0,1.0,0.0,0.0,1.0,100.0
antecedentes,oncologico_hematologico,enfermedad_tromboembolica,,antecedentes.oncologico_hematologico.enfermedad_tromboembolica,booleano,Todas (2-3 anotadores),44,1.0,1.0,1.0,1.0,1.0,0.0,1.0,1.0,0.0,1.0,1.0,0.0,0.0,1.0,100.0
antecedentes,oncologico_hematologico,enfermedad_tromboembolica,,antecedentes.oncologico_hematologico.enfermedad_tromboembolica,booleano,Solo 3 anotadores,12,1.0,1.0,,1.0,1.0,0.0,1.0,1.0,0.0,,,,0.0,,100.0
antecedentes,oncologico_hematologico,neoplasia_hematologica_activa,,antecedentes.oncologico_hematologico.neoplasia_hematologica_activa,booleano,Todas (2-3 anotadores),43,1.0,1.0,,1.0,1.0,0.0,1.0,1.0,0.0,,,,0.0,,100.0
antecedentes,oncologico_hematologico,neoplasia_hematologica_activa,,antecedentes.oncologico_hematologico.neoplasia_hematologica_activa,booleano,Solo 3 anotadores,12,1.0,1.0,,1.0,1.0,0.0,1.0,1.0,0.0,,,,0.0,,100.0
antecedentes,oncologico_hematologico,neoplasia_solida_activa,,antecedentes.oncologico_hematologico.neoplasia_solida_activa,booleano,Todas (2-3 anotadores),44,0.396,0.923,0.667,-0.211,1.0,0.386,0.819,1.0,0.047,0.0,1.0,0.377,0.0,0.533,96.6
antecedentes,oncologico_hematologico,neoplasia_solida_activa,,antecedentes.oncologico_hematologico.neoplasia_solida_activa,booleano,Solo 3 anotadores,12,1.0,1.0,1.0,1.0,1.0,0.0,1.0,1.0,0.0,1.0,1.0,0.0,0.0,1.0,100.0
antecedentes,oncologico_hematologico,otra_oncologica_hematologica,,antecedentes.oncologico_hematologico.otra_oncologica_hematologica,booleano,Todas (2-3 anotadores),44,0.69,0.925,0.75,0.194,1.0,0.203,0.819,1.0,0.046,0.333,1.0,0.175,0.0,0.702,97.0
antecedentes,oncologico_hematologico,otra_oncologica_hematologica,,antecedentes.oncologico_hematologico.otra_oncologica_hematologica,booleano,Solo 3 anotadores,12,0.768,0.927,0.8,0.4,1.0,0.218,0.7,1.0,0.088,0.5,1.0,0.191,0.0,0.784,97.2
antecedentes,oncologico_hematologico,trasplante_progenitores_previo,,antecedentes.oncologico_hematologico.trasplante_progenitores_previo,booleano,Todas (2-3 anotadores),44,1.0,1.0,,1.0,1.0,0.0,1.0,1.0,0.0,,,,0.0,,100.0
antecedentes,oncologico_hematologico,trasplante_progenitores_previo,,antecedentes.oncologico_hematologico.trasplante_progenitores_previo,booleano,Solo 3 anotadores,12,1.0,1.0,,1.0,1.0,0.0,1.0,1.0,0.0,,,,0.0,,100.0
antecedentes,otro_antecedente_medico,,,antecedentes.otro_antecedente_medico,booleano,Todas (2-3 anotadores),44,0.624,0.852,0.75,0.182,0.887,0.177,0.695,0.967,0.07,0.285,0.93,0.162,0.0,0.669,94.7
antecedentes,otro_antecedente_medico,,,antecedentes.otro_antecedente_medico,booleano,Solo 3 anotadores,12,0.823,0.919,0.857,-0.059,1.0,0.299,0.7,1.0,0.083,0.0,1.0,0.282,0.0,0.836,97.2
antecedentes,psiquiatrico,,,antecedentes.psiquiatrico,booleano,Todas (2-3 anotadores),44,0.676,0.937,0.615,0.311,1.0,0.175,0.847,1.0,0.04,0.4,1.0,0.14,0.0,0.608,97.3
antecedentes,psiquiatrico,,,antecedentes.psiquiatrico,booleano,Solo 3 anotadores,12,0.437,0.862,0.5,0.308,1.0,0.184,0.536,1.0,0.117,0.5,0.5,0.0,0.0,0.468,94.5
antecedentes,psiquiatrico,ansiedad,,antecedentes.psiquiatrico.ansiedad,booleano,Todas (2-3 anotadores),44,-0.148,0.977,0.0,-0.206,1.0,0.557,0.927,1.0,0.024,0.0,0.0,0.0,0.0,0.108,98.9
antecedentes,psiquiatrico,ansiedad,,antecedentes.psiquiatrico.ansiedad,booleano,Solo 3 anotadores,12,1.0,1.0,,1.0,1.0,0.0,1.0,1.0,0.0,,,,0.0,,100.0
antecedentes,psiquiatrico,depresion,,antecedentes.psiquiatrico.depresion,booleano,Todas (2-3 anotadores),43,1.0,1.0,,1.0,1.0,0.0,1.0,1.0,0.0,,,,0.0,,100.0
antecedentes,psiquiatrico,depresion,,antecedentes.psiquiatrico.depresion,booleano,Solo 3 anotadores,12,1.0,1.0,,1.0,1.0,0.0,1.0,1.0,0.0,,,,0.0,,100.0
antecedentes,psiquiatrico,esquizofrenia_otro_psicotico,,antecedentes.psiquiatrico.esquizofrenia_otro_psicotico,booleano,Todas (2-3 anotadores),44,1.0,1.0,,1.0,1.0,0.0,1.0,1.0,0.0,,,,0.0,,100.0
antecedentes,psiquiatrico,esquizofrenia_otro_psicotico,,antecedentes.psiquiatrico.esquizofrenia_otro_psicotico,booleano,Solo 3 anotadores,12,1.0,1.0,,1.0,1.0,0.0,1.0,1.0,0.0,,,,0.0,,100.0
antecedentes,psiquiatrico,intento_suicidio_previo,,antecedentes.psiquiatrico.intento_suicidio_previo,booleano,Todas (2-3 anotadores),44,1.0,1.0,1.0,1.0,1.0,0.0,1.0,1.0,0.0,1.0,1.0,0.0,0.0,1.0,100.0
antecedentes,psiquiatrico,intento_suicidio_previo,,antecedentes.psiquiatrico.intento_suicidio_previo,booleano,Solo 3 anotadores,12,1.0,1.0,,1.0,1.0,0.0,1.0,1.0,0.0,,,,0.0,,100.0
antecedentes,psiquiatrico,otra_psiquiatrica,,antecedentes.psiquiatrico.otra_psiquiatrica,booleano,Todas (2-3 anotadores),44,-0.136,0.977,0.0,-0.195,1.0,0.552,0.927,1.0,0.024,0.0,0.0,0.0,1.0,0.101,98.9
antecedentes,psiquiatrico,otra_psiquiatrica,,antecedentes.psiquiatrico.otra_psiquiatrica,booleano,Solo 3 anotadores,11,1.0,1.0,,1.0,1.0,0.0,1.0,1.0,0.0,,,,3.0,,100.0
antecedentes,psiquiatrico,trastorno_bipolar,,antecedentes.psiquiatrico.trastorno_bipolar,booleano,Todas (2-3 anotadores),44,1.0,1.0,,1.0,1.0,0.0,1.0,1.0,0.0,,,,0.0,,100.0
antecedentes,psiquiatrico,trastorno_bipolar,,antecedentes.psiquiatrico.trastorno_bipolar,booleano,Solo 3 anotadores,12,1.0,1.0,,1.0,1.0,0.0,1.0,1.0,0.0,,,,0.0,,100.0
antecedentes,psiquiatrico,trastorno_consumo_sustancias,,antecedentes.psiquiatrico.trastorno_consumo_sustancias,booleano,Todas (2-3 anotadores),44,1.0,1.0,1.0,1.0,1.0,0.0,1.0,1.0,0.0,1.0,1.0,0.0,0.0,1.0,100.0
antecedentes,psiquiatrico,trastorno_consumo_sustancias,,antecedentes.psiquiatrico.trastorno_consumo_sustancias,booleano,Solo 3 anotadores,12,1.0,1.0,,1.0,1.0,0.0,1.0,1.0,0.0,,,,0.0,,100.0
antecedentes,psiquiatrico,trastorno_personalidad,,antecedentes.psiquiatrico.trastorno_personalidad,booleano,Todas (2-3 anotadores),43,1.0,1.0,,1.0,1.0,0.0,1.0,1.0,0.0,,,,0.0,,100.0
antecedentes,psiquiatrico,trastorno_personalidad,,antecedentes.psiquiatrico.trastorno_personalidad,booleano,Solo 3 anotadores,12,1.0,1.0,,1.0,1.0,0.0,1.0,1.0,0.0,,,,0.0,,100.0
antecedentes,psiquiatrico,uso_cronico_psicofarmacos,,antecedentes.psiquiatrico.uso_cronico_psicofarmacos,booleano,Todas (2-3 anotadores),43,0.466,0.93,0.5,-0.165,1.0,0.301,0.834,1.0,0.043,0.0,1.0,0.229,0.0,0.477,96.9
antecedentes,psiquiatrico,uso_cronico_psicofarmacos,,antecedentes.psiquiatrico.uso_cronico_psicofarmacos,booleano,Solo 3 anotadores,11,0.468,0.932,0.5,0.389,1.0,0.26,0.741,1.0,0.083,0.5,0.5,0.0,0.0,0.5,97.0
antecedentes,pulmonar,,,antecedentes.pulmonar,booleano,Todas (2-3 anotadores),44,0.605,0.894,0.737,-0.12,0.914,0.243,0.78,0.981,0.052,0.0,0.947,0.232,0.0,0.64,95.8
antecedentes,pulmonar,,,antecedentes.pulmonar,booleano,Solo 3 anotadores,12,0.823,0.919,0.857,-0.059,1.0,0.281,0.733,1.0,0.076,0.0,1.0,0.265,0.0,0.836,97.2
antecedentes,pulmonar,asma,,antecedentes.pulmonar.asma,booleano,Todas (2-3 anotadores),44,1.0,1.0,,1.0,1.0,0.0,1.0,1.0,0.0,,,,1.0,,100.0
antecedentes,pulmonar,asma,,antecedentes.pulmonar.asma,booleano,Solo 3 anotadores,12,1.0,1.0,,1.0,1.0,0.0,1.0,1.0,0.0,,,,0.0,,100.0
antecedentes,pulmonar,enfermedad_pulmonar_intersticial_difusa,,antecedentes.pulmonar.enfermedad_pulmonar_intersticial_difusa,booleano,Todas (2-3 anotadores),44,1.0,1.0,,1.0,1.0,0.0,1.0,1.0,0.0,,,,0.0,,100.0
antecedentes,pulmonar,enfermedad_pulmonar_intersticial_difusa,,antecedentes.pulmonar.enfermedad_pulmonar_intersticial_difusa,booleano,Solo 3 anotadores,12,1.0,1.0,,1.0,1.0,0.0,1.0,1.0,0.0,,,,0.0,,100.0
antecedentes,pulmonar,epoc,,antecedentes.pulmonar.epoc,booleano,Todas (2-3 anotadores),44,1.0,1.0,1.0,1.0,1.0,0.0,1.0,1.0,0.0,1.0,1.0,0.0,1.0,1.0,100.0
antecedentes,pulmonar,epoc,,antecedentes.pulmonar.epoc,booleano,Solo 3 anotadores,12,1.0,1.0,1.0,1.0,1.0,0.0,1.0,1.0,0.0,1.0,1.0,0.0,0.0,1.0,100.0
antecedentes,pulmonar,otra_respiratoria,,antecedentes.pulmonar.otra_respiratoria,booleano,Todas (2-3 anotadores),44,0.588,0.929,0.667,-0.151,1.0,0.295,0.827,1.0,0.042,0.0,1.0,0.291,0.0,0.603,97.0
antecedentes,pulmonar,otra_respiratoria,,antecedentes.pulmonar.otra_respiratoria,booleano,Solo 3 anotadores,12,0.719,0.931,0.75,-0.059,1.0,0.398,0.769,1.0,0.068,0.0,1.0,0.385,0.0,0.738,97.2
antecedentes,pulmonar,oxigeno_domiciliario,,antecedentes.pulmonar.oxigeno_domiciliario,booleano,Todas (2-3 anotadores),44,1.0,1.0,,1.0,1.0,0.0,1.0,1.0,0.0,,,,0.0,,100.0
antecedentes,pulmonar,oxigeno_domiciliario,,antecedentes.pulmonar.oxigeno_domiciliario,booleano,Solo 3 anotadores,12,1.0,1.0,,1.0,1.0,0.0,1.0,1.0,0.0,,,,0.0,,100.0
antecedentes,pulmonar,sindrome_apnea_hipopnea_obstructiva,,antecedentes.pulmonar.sindrome_apnea_hipopnea_obstructiva,booleano,Todas (2-3 anotadores),44,1.0,1.0,,1.0,1.0,0.0,1.0,1.0,0.0,,,,0.0,,100.0
antecedentes,pulmonar,sindrome_apnea_hipopnea_obstructiva,,antecedentes.pulmonar.sindrome_apnea_hipopnea_obstructiva,booleano,Solo 3 anotadores,12,1.0,1.0,,1.0,1.0,0.0,1.0,1.0,0.0,,,,0.0,,100.0
antecedentes,quirurgicos,,,antecedentes.quirurgicos,booleano,Todas (2-3 anotadores),41,0.571,0.796,0.932,0.188,0.846,0.17,0.588,0.944,0.089,0.857,0.982,0.032,0.0,0.637,93.1
antecedentes,quirurgicos,,,antecedentes.quirurgicos,booleano,Solo 3 anotadores,12,0.839,0.915,0.964,0.437,1.0,0.169,0.676,1.0,0.094,0.857,1.0,0.041,0.0,0.851,97.2
antecedentes,renal,,,antecedentes.renal,booleano,Todas (2-3 anotadores),44,0.896,0.94,0.914,0.717,1.0,0.078,0.842,1.0,0.044,0.75,1.0,0.069,0.0,0.888,98.1
antecedentes,renal,,,antecedentes.renal,booleano,Solo 3 anotadores,12,0.869,0.903,0.909,0.471,1.0,0.14,0.676,1.0,0.097,0.5,1.0,0.108,0.0,0.879,97.2
antecedentes,renal,enfermedad_renal_cronica,,antecedentes.renal.enfermedad_renal_cronica,booleano,Todas (2-3 anotadores),44,0.864,0.932,0.933,0.61,1.0,0.107,0.818,1.0,0.049,0.75,1.0,0.07,0.0,0.894,97.7
antecedentes,renal,enfermedad_renal_cronica,,antecedentes.renal.enfermedad_renal_cronica,booleano,Solo 3 anotadores,11,1.0,1.0,1.0,1.0,1.0,0.0,1.0,1.0,0.0,1.0,1.0,0.0,0.0,1.0,100.0
antecedentes,renal,otra_renal,,antecedentes.renal.otra_renal,booleano,Todas (2-3 anotadores),44,0.522,0.95,0.75,-0.205,1.0,0.426,0.866,1.0,0.037,0.0,1.0,0.4,0.0,0.631,97.7
antecedentes,renal,otra_renal,,antecedentes.renal.otra_renal,booleano,Solo 3 anotadores,12,1.0,1.0,1.0,1.0,1.0,0.0,1.0,1.0,0.0,1.0,1.0,0.0,0.0,1.0,100.0
antecedentes,renal,terapia_dialitica_cronica,,antecedentes.renal.terapia_dialitica_cronica,booleano,Todas (2-3 anotadores),44,1.0,1.0,1.0,1.0,1.0,0.0,1.0,1.0,0.0,1.0,1.0,0.0,0.0,1.0,100.0
antecedentes,renal,terapia_dialitica_cronica,,antecedentes.renal.terapia_dialitica_cronica,booleano,Solo 3 anotadores,12,1.0,1.0,1.0,1.0,1.0,0.0,1.0,1.0,0.0,1.0,1.0,0.0,0.0,1.0,100.0
antecedentes,renal,trasplante_renal_previo,,antecedentes.renal.trasplante_renal_previo,booleano,Todas (2-3 anotadores),44,1.0,1.0,1.0,1.0,1.0,0.0,1.0,1.0,0.0,1.0,1.0,0.0,0.0,1.0,100.0
antecedentes,renal,trasplante_renal_previo,,antecedentes.renal.trasplante_renal_previo,booleano,Solo 3 anotadores,12,1.0,1.0,1.0,1.0,1.0,0.0,1.0,1.0,0.0,1.0,1.0,0.0,0.0,1.0,100.0
calidad,,,,calidad,sin_dato,Todas (2-3 anotadores),0,,,,,,,,,,,,,,,
calidad,,,,calidad,sin_dato,Solo 3 anotadores,0,,,,,,,,,,,,,,,
calidad,comentario,,,calidad.comentario,sin_dato,Todas (2-3 anotadores),0,,,,,,,,,,,,,,,
calidad,comentario,,,calidad.comentario,sin_dato,Solo 3 anotadores,0,,,,,,,,,,,,,,,
calidad,global,,,calidad.global,categorico,Todas (2-3 anotadores),44,0.034,0.117,,-0.21,0.239,0.118,-0.078,0.319,0.103,,,,0.0,,68.9
calidad,global,,,calidad.global,categorico,Solo 3 anotadores,12,-0.169,0.271,,-0.375,-0.004,0.097,-0.062,0.538,0.156,,,,0.0,,69.5
complicaciones,,,,complicaciones,booleano,Todas (2-3 anotadores),44,0.568,0.708,0.667,0.278,0.805,0.132,0.513,0.874,0.095,0.417,0.852,0.113,0.0,0.55,91.3
complicaciones,,,,complicaciones,booleano,Solo 3 anotadores,12,0.476,0.614,0.636,-0.092,0.869,0.242,0.259,0.907,0.172,0.0,0.909,0.207,0.0,0.506,88.9
complicaciones,debilidad_adquirida,,,complicaciones.debilidad_adquirida,booleano,Todas (2-3 anotadores),44,0.535,0.93,0.5,-0.143,1.0,0.285,0.818,1.0,0.046,0.0,1.0,0.259,0.0,0.551,97.0
complicaciones,debilidad_adquirida,,,complicaciones.debilidad_adquirida,booleano,Solo 3 anotadores,12,-0.029,0.941,0.0,-0.091,1.0,0.5,0.803,1.0,0.063,0.0,0.0,0.0,0.0,0.0,97.2
complicaciones,delirium,,,complicaciones.delirium,booleano,Todas (2-3 anotadores),43,0.788,0.953,0.727,0.299,1.0,0.191,0.868,1.0,0.036,0.222,1.0,0.206,1.0,0.773,98.1
complicaciones,delirium,,,complicaciones.delirium,booleano,Solo 3 anotadores,12,-0.029,0.941,0.0,-0.091,1.0,0.504,0.803,1.0,0.06,0.0,0.0,0.0,2.8,-0.0,97.2
complicaciones,desnutricion,,,complicaciones.desnutricion,booleano,Todas (2-3 anotadores),44,1.0,1.0,1.0,1.0,1.0,0.0,1.0,1.0,0.0,1.0,1.0,0.0,0.0,1.0,100.0
complicaciones,desnutricion,,,complicaciones.desnutricion,booleano,Solo 3 anotadores,12,1.0,1.0,1.0,1.0,1.0,0.0,1.0,1.0,0.0,1.0,1.0,0.0,0.0,1.0,100.0
complicaciones,disfagia,,,complicaciones.disfagia,booleano,Todas (2-3 anotadores),43,1.0,1.0,1.0,1.0,1.0,0.0,1.0,1.0,0.0,1.0,1.0,0.0,0.0,1.0,100.0
complicaciones,disfagia,,,complicaciones.disfagia,booleano,Solo 3 anotadores,12,1.0,1.0,,1.0,1.0,0.0,1.0,1.0,0.0,,,,0.0,,100.0
complicaciones,lesiones_presion,,,complicaciones.lesiones_presion,booleano,Todas (2-3 anotadores),44,0.601,0.958,0.571,-0.159,1.0,0.298,0.883,1.0,0.031,0.0,1.0,0.237,0.0,0.569,98.1
complicaciones,lesiones_presion,,,complicaciones.lesiones_presion,booleano,Solo 3 anotadores,12,0.471,0.938,0.5,0.4,1.0,0.263,0.769,1.0,0.076,0.5,0.5,0.0,0.0,0.5,97.2
complicaciones,otra,,,complicaciones.otra,booleano,Todas (2-3 anotadores),44,0.025,0.691,0.19,-0.187,0.242,0.109,0.477,0.849,0.096,0.0,0.343,0.094,0.0,-0.003,88.3
complicaciones,otra,,,complicaciones.otra,booleano,Solo 3 anotadores,12,0.113,0.596,0.286,-0.161,0.4,0.148,0.175,0.876,0.193,0.0,0.5,0.129,0.0,0.145,86.1
complicaciones,paciente_critico_cronico,,,complicaciones.paciente_critico_cronico,booleano,Todas (2-3 anotadores),44,1.0,1.0,1.0,1.0,1.0,0.0,1.0,1.0,0.0,1.0,1.0,0.0,0.0,1.0,100.0
complicaciones,paciente_critico_cronico,,,complicaciones.paciente_critico_cronico,booleano,Solo 3 anotadores,12,1.0,1.0,1.0,1.0,1.0,0.0,1.0,1.0,0.0,1.0,1.0,0.0,0.0,1.0,100.0
egreso,,,,egreso,sin_dato,Todas (2-3 anotadores),0,,,,,,,,,,,,,,,
egreso,,,,egreso,sin_dato,Solo 3 anotadores,0,,,,,,,,,,,,,,,
egreso,destino,,,egreso.destino,categorico,Todas (2-3 anotadores),44,0.759,0.808,,0.612,0.895,0.075,0.687,0.924,0.064,,,,0.0,,92.4
egreso,destino,,,egreso.destino,categorico,Solo 3 anotadores,12,0.65,0.675,,0.287,0.902,0.154,0.365,0.925,0.135,,,,0.0,,88.9
egreso,diagnostico,,,egreso.diagnostico,sin_dato,Todas (2-3 anotadores),0,,,,,,,,,,,,,,,
egreso,diagnostico,,,egreso.diagnostico,sin_dato,Solo 3 anotadores,0,,,,,,,,,,,,,,,
egreso,estado_vital,,,egreso.estado_vital,categorico,Todas (2-3 anotadores),44,0.969,0.97,,0.906,1.0,0.03,0.909,1.0,0.029,,,,0.0,,99.2
egreso,estado_vital,,,egreso.estado_vital,categorico,Solo 3 anotadores,12,0.869,0.903,,0.471,1.0,0.142,0.667,1.0,0.101,,,,0.0,,97.2
egreso,fecha_egreso_upc,,,egreso.fecha_egreso_upc,categorico,Todas (2-3 anotadores),35,0.843,0.844,,0.721,0.949,0.06,0.724,0.95,0.059,,,,0.0,,91.9
egreso,fecha_egreso_upc,,,egreso.fecha_egreso_upc,categorico,Solo 3 anotadores,7,0.625,0.634,,0.226,0.879,0.175,0.243,0.888,0.171,,,,0.0,,81.0
egreso,reingreso_upc,,,egreso.reingreso_upc,booleano,Todas (2-3 anotadores),44,0.709,0.956,0.667,-0.103,1.0,0.239,0.881,1.0,0.033,0.0,1.0,0.203,0.0,0.686,98.1
egreso,reingreso_upc,,,egreso.reingreso_upc,booleano,Solo 3 anotadores,12,0.471,0.938,0.5,0.4,1.0,0.263,0.769,1.0,0.076,0.5,0.5,0.0,0.0,0.5,97.2
falla,,,,falla,booleano,Todas (2-3 anotadores),44,0.795,0.811,0.914,0.609,0.949,0.089,0.644,0.955,0.082,0.816,0.979,0.043,0.0,0.794,95.1
falla,,,,falla,booleano,Solo 3 anotadores,12,0.771,0.784,0.905,0.407,1.0,0.165,0.471,1.0,0.135,0.722,1.0,0.079,0.0,0.788,94.5
falla,hematologica,,,falla.hematologica,booleano,Todas (2-3 anotadores),44,0.41,0.753,0.48,0.088,0.691,0.157,0.526,0.911,0.099,0.267,0.667,0.105,0.0,0.384,91.3
falla,hematologica,,,falla.hematologica,booleano,Solo 3 anotadores,12,0.291,0.676,0.429,-0.029,0.471,0.135,0.278,0.938,0.181,0.0,0.5,0.099,0.0,0.323,88.9
falla,hemodinamica,,,falla.hemodinamica,booleano,Todas (2-3 anotadores),44,0.923,0.926,0.947,0.795,1.0,0.056,0.81,1.0,0.051,0.852,1.0,0.039,0.0,0.917,98.1
falla,hemodinamica,,,falla.hemodinamica,booleano,Solo 3 anotadores,12,0.883,0.894,0.929,0.556,1.0,0.125,0.667,1.0,0.1,0.714,1.0,0.084,0.0,0.892,97.2
falla,hepatica,,,falla.hepatica,booleano,Todas (2-3 anotadores),44,0.814,0.926,0.783,0.543,1.0,0.117,0.827,1.0,0.045,0.5,1.0,0.131,1.0,0.77,97.3
falla,hepatica,,,falla.hepatica,booleano,Solo 3 anotadores,11,0.593,0.827,0.667,-0.065,1.0,0.298,0.545,1.0,0.127,0.0,1.0,0.272,3.0,0.62,93.9
falla,multiorganica,,,falla.multiorganica,booleano,Todas (2-3 anotadores),41,0.553,0.744,0.733,0.188,0.834,0.163,0.51,0.92,0.1,0.4,0.9,0.123,2.2,0.613,91.9
falla,multiorganica,,,falla.multiorganica,booleano,Solo 3 anotadores,10,0.83,0.891,0.875,0.423,1.0,0.176,0.615,1.0,0.113,0.5,1.0,0.141,0.0,0.845,96.7
falla,neurologica,,,falla.neurologica,booleano,Todas (2-3 anotadores),44,0.493,0.814,0.727,-0.007,0.816,0.207,0.626,0.939,0.08,0.2,0.914,0.177,0.0,0.609,93.2
falla,neurologica,,,falla.neurologica,booleano,Solo 3 anotadores,12,1.0,1.0,1.0,1.0,1.0,0.0,1.0,1.0,0.0,1.0,1.0,0.0,0.0,1.0,100.0
falla,otra,,,falla.otra,booleano,Todas (2-3 anotadores),43,-0.176,0.926,0.0,-0.247,1.0,0.275,0.812,1.0,0.046,0.0,0.0,0.0,0.0,0.092,96.5
falla,otra,,,falla.otra,booleano,Solo 3 anotadores,12,1.0,1.0,,1.0,1.0,0.0,1.0,1.0,0.0,,,,0.0,,100.0
falla,puntaje_gravedad,,,falla.puntaje_gravedad,booleano,Todas (2-3 anotadores),44,-0.148,0.977,0.0,-0.205,1.0,0.552,0.927,1.0,0.024,0.0,0.0,0.0,0.0,0.108,98.9
falla,puntaje_gravedad,,,falla.puntaje_gravedad,booleano,Solo 3 anotadores,12,1.0,1.0,,1.0,1.0,0.0,1.0,1.0,0.0,,,,0.0,,100.0
falla,renal_aguda,,,falla.renal_aguda,booleano,Todas (2-3 anotadores),42,0.919,0.922,0.951,0.792,1.0,0.057,0.81,1.0,0.053,0.868,1.0,0.036,1.1,0.912,98.0
falla,renal_aguda,,,falla.renal_aguda,booleano,Solo 3 anotadores,11,0.873,0.884,0.95,0.529,1.0,0.151,0.639,1.0,0.107,0.8,1.0,0.055,0.0,0.884,97.0
falla,respiratoria,,,falla.respiratoria,booleano,Todas (2-3 anotadores),44,0.769,0.776,0.836,0.572,0.924,0.093,0.592,0.928,0.088,0.7,0.951,0.065,3.0,0.751,94.3
falla,respiratoria,,,falla.respiratoria,booleano,Solo 3 anotadores,12,0.607,0.71,0.727,0.156,1.0,0.209,0.341,1.0,0.163,0.333,1.0,0.168,2.8,0.632,91.7
hospitalizacion,,,,hospitalizacion,sin_dato,Todas (2-3 anotadores),0,,,,,,,,,,,,,,,
hospitalizacion,,,,hospitalizacion,sin_dato,Solo 3 anotadores,0,,,,,,,,,,,,,,,
hospitalizacion,fecha_egreso,,,hospitalizacion.fecha_egreso,categorico,Todas (2-3 anotadores),0,,,,,,,,,,,,,,,
hospitalizacion,fecha_egreso,,,hospitalizacion.fecha_egreso,categorico,Solo 3 anotadores,0,,,,,,,,,,,,,,,
hospitalizacion,fecha_ingreso,,,hospitalizacion.fecha_ingreso,categorico,Todas (2-3 anotadores),0,,,,,,,,,,,,,,,
hospitalizacion,fecha_ingreso,,,hospitalizacion.fecha_ingreso,categorico,Solo 3 anotadores,0,,,,,,,,,,,,,,,
infecciones,,,,infecciones,booleano,Todas (2-3 anotadores),44,0.726,0.729,0.853,0.514,0.894,0.103,0.534,0.902,0.098,0.732,0.949,0.056,0.0,0.718,93.2
infecciones,,,,infecciones,booleano,Solo 3 anotadores,12,0.649,0.682,0.786,0.22,1.0,0.189,0.341,1.0,0.16,0.429,1.0,0.138,0.0,0.672,91.7
infecciones,estadia_upc,,,infecciones.estadia_upc,booleano,Todas (2-3 anotadores),44,0.651,0.652,0.8,0.422,0.847,0.111,0.448,0.85,0.107,0.667,0.915,0.062,0.0,0.637,91.3
infecciones,estadia_upc,,,infecciones.estadia_upc,booleano,Solo 3 anotadores,12,0.518,0.587,0.692,0.113,0.869,0.192,0.225,0.915,0.181,0.4,0.909,0.141,0.0,0.546,88.9
infecciones,focos,,,infecciones.focos,booleano,Todas (2-3 anotadores),44,0.588,0.594,0.772,0.318,0.802,0.123,0.358,0.819,0.118,0.615,0.901,0.073,0.0,0.612,89.8
infecciones,focos,,,infecciones.focos,booleano,Solo 3 anotadores,12,0.607,0.71,0.727,0.169,1.0,0.204,0.381,1.0,0.154,0.333,1.0,0.167,0.0,0.632,91.7
infecciones,focos,cardiovascular_endocarditis,,infecciones.focos.cardiovascular_endocarditis,booleano,Todas (2-3 anotadores),44,0.74,0.984,0.5,0.204,1.0,0.297,0.948,1.0,0.016,0.0,1.0,0.374,0.0,0.598,99.2
infecciones,focos,cardiovascular_endocarditis,,infecciones.focos.cardiovascular_endocarditis,booleano,Solo 3 anotadores,12,-0.029,0.941,0.0,-0.091,1.0,0.502,0.803,1.0,0.058,0.0,0.0,0.0,0.0,-0.0,97.2
infecciones,focos,cardiovascular_endocarditis,agente,infecciones.focos.cardiovascular_endocarditis.agente,booleano,Todas (2-3 anotadores),44,1.0,1.0,1.0,1.0,1.0,0.0,1.0,1.0,0.0,1.0,1.0,0.0,0.0,1.0,100.0
infecciones,focos,cardiovascular_endocarditis,agente,infecciones.focos.cardiovascular_endocarditis.agente,booleano,Solo 3 anotadores,12,1.0,1.0,,1.0,1.0,0.0,1.0,1.0,0.0,,,,0.0,,100.0
infecciones,focos,cardiovascular_endocarditis,iaas,infecciones.focos.cardiovascular_endocarditis.iaas,booleano,Todas (2-3 anotadores),44,1.0,1.0,,1.0,1.0,0.0,1.0,1.0,0.0,,,,0.0,,100.0
infecciones,focos,cardiovascular_endocarditis,iaas,infecciones.focos.cardiovascular_endocarditis.iaas,booleano,Solo 3 anotadores,12,1.0,1.0,,1.0,1.0,0.0,1.0,1.0,0.0,,,,0.0,,100.0
infecciones,focos,cardiovascular_endocarditis,tratamiento,infecciones.focos.cardiovascular_endocarditis.tratamiento,booleano,Todas (2-3 anotadores),44,1.0,1.0,1.0,1.0,1.0,0.0,1.0,1.0,0.0,1.0,1.0,0.0,0.0,1.0,100.0
infecciones,focos,cardiovascular_endocarditis,tratamiento,infecciones.focos.cardiovascular_endocarditis.tratamiento,booleano,Solo 3 anotadores,12,1.0,1.0,,1.0,1.0,0.0,1.0,1.0,0.0,,,,0.0,,100.0
infecciones,focos,cateter,,infecciones.focos.cateter,booleano,Todas (2-3 anotadores),44,0.584,0.918,0.667,-0.172,1.0,0.26,0.808,1.0,0.049,0.0,1.0,0.219,0.0,0.679,96.6
infecciones,focos,cateter,,infecciones.focos.cateter,booleano,Solo 3 anotadores,12,1.0,1.0,,1.0,1.0,0.0,1.0,1.0,0.0,,,,0.0,,100.0
infecciones,focos,cateter,agente,infecciones.focos.cateter.agente,booleano,Todas (2-3 anotadores),44,0.584,0.918,0.667,-0.172,1.0,0.26,0.808,1.0,0.049,0.0,1.0,0.219,0.0,0.679,96.6
infecciones,focos,cateter,agente,infecciones.focos.cateter.agente,booleano,Solo 3 anotadores,12,1.0,1.0,,1.0,1.0,0.0,1.0,1.0,0.0,,,,0.0,,100.0
infecciones,focos,cateter,iaas,infecciones.focos.cateter.iaas,booleano,Todas (2-3 anotadores),44,0.476,0.922,0.571,-0.208,1.0,0.313,0.809,1.0,0.046,0.0,1.0,0.264,0.0,0.596,96.6
infecciones,focos,cateter,iaas,infecciones.focos.cateter.iaas,booleano,Solo 3 anotadores,12,1.0,1.0,,1.0,1.0,0.0,1.0,1.0,0.0,,,,0.0,,100.0
infecciones,focos,cateter,tratamiento,infecciones.focos.cateter.tratamiento,booleano,Todas (2-3 anotadores),44,0.194,0.898,0.333,-0.238,0.752,0.293,0.767,0.977,0.054,0.0,0.75,0.247,0.0,0.376,95.5
infecciones,focos,cateter,tratamiento,infecciones.focos.cateter.tratamiento,booleano,Solo 3 anotadores,12,1.0,1.0,,1.0,1.0,0.0,1.0,1.0,0.0,,,,0.0,,100.0
infecciones,focos,digestivo_biliar,,infecciones.focos.digestivo_biliar,booleano,Todas (2-3 anotadores),43,0.811,0.924,0.762,0.578,1.0,0.107,0.801,1.0,0.05,0.583,1.0,0.104,0.0,0.772,97.3
infecciones,focos,digestivo_biliar,,infecciones.focos.digestivo_biliar,booleano,Solo 3 anotadores,12,0.438,0.862,0.5,0.308,1.0,0.191,0.536,1.0,0.119,0.5,0.5,0.0,0.0,0.468,94.5
infecciones,focos,digestivo_biliar,agente,infecciones.focos.digestivo_biliar.agente,booleano,Todas (2-3 anotadores),44,0.749,0.933,0.667,0.395,1.0,0.148,0.835,1.0,0.042,0.333,1.0,0.157,0.0,0.696,97.3
infecciones,focos,digestivo_biliar,agente,infecciones.focos.digestivo_biliar.agente,booleano,Solo 3 anotadores,12,0.273,0.869,0.333,-0.091,1.0,0.309,0.596,1.0,0.107,0.0,0.5,0.191,0.0,0.305,94.5
infecciones,focos,digestivo_biliar,tratamiento,infecciones.focos.digestivo_biliar.tratamiento,booleano,Todas (2-3 anotadores),44,0.766,0.931,0.706,0.476,1.0,0.128,0.828,1.0,0.043,0.5,1.0,0.119,0.0,0.716,97.3
infecciones,focos,digestivo_biliar,tratamiento,infecciones.focos.digestivo_biliar.tratamiento,booleano,Solo 3 anotadores,12,0.438,0.862,0.5,0.308,1.0,0.191,0.536,1.0,0.119,0.5,0.5,0.0,0.0,0.468,94.5
infecciones,focos,herida_sitio_quirurgico,,infecciones.focos.herida_sitio_quirurgico,booleano,Todas (2-3 anotadores),44,-0.148,0.977,0.0,-0.216,1.0,0.554,0.928,1.0,0.023,0.0,0.0,0.0,1.0,0.108,98.9
infecciones,focos,herida_sitio_quirurgico,,infecciones.focos.herida_sitio_quirurgico,booleano,Solo 3 anotadores,12,1.0,1.0,,1.0,1.0,0.0,1.0,1.0,0.0,,,,0.0,,100.0
infecciones,focos,herida_sitio_quirurgico,agente,infecciones.focos.herida_sitio_quirurgico.agente,booleano,Todas (2-3 anotadores),44,1.0,1.0,,1.0,1.0,0.0,1.0,1.0,0.0,,,,0.0,,100.0
infecciones,focos,herida_sitio_quirurgico,agente,infecciones.focos.herida_sitio_quirurgico.agente,booleano,Solo 3 anotadores,12,1.0,1.0,,1.0,1.0,0.0,1.0,1.0,0.0,,,,0.0,,100.0
infecciones,focos,herida_sitio_quirurgico,tratamiento,infecciones.focos.herida_sitio_quirurgico.tratamiento,booleano,Todas (2-3 anotadores),44,1.0,1.0,,1.0,1.0,0.0,1.0,1.0,0.0,,,,0.0,,100.0
infecciones,focos,herida_sitio_quirurgico,tratamiento,infecciones.focos.herida_sitio_quirurgico.tratamiento,booleano,Solo 3 anotadores,12,1.0,1.0,,1.0,1.0,0.0,1.0,1.0,0.0,,,,0.0,,100.0
infecciones,focos,no_identificado,,infecciones.focos.no_identificado,booleano,Todas (2-3 anotadores),43,0.595,0.947,0.667,-0.209,1.0,0.332,0.854,1.0,0.04,0.0,1.0,0.278,1.0,0.69,97.7
infecciones,focos,no_identificado,,infecciones.focos.no_identificado,booleano,Solo 3 anotadores,12,1.0,1.0,,1.0,1.0,0.0,1.0,1.0,0.0,,,,0.0,,100.0
infecciones,focos,no_identificado,agente,infecciones.focos.no_identificado.agente,booleano,Todas (2-3 anotadores),44,-0.148,0.977,0.0,-0.206,1.0,0.563,0.902,1.0,0.026,0.0,0.0,0.0,0.0,0.108,98.9
infecciones,focos,no_identificado,agente,infecciones.focos.no_identificado.agente,booleano,Solo 3 anotadores,12,1.0,1.0,,1.0,1.0,0.0,1.0,1.0,0.0,,,,0.0,,100.0
infecciones,focos,no_identificado,iaas,infecciones.focos.no_identificado.iaas,booleano,Todas (2-3 anotadores),44,1.0,1.0,,1.0,1.0,0.0,1.0,1.0,0.0,,,,0.0,,100.0
infecciones,focos,no_identificado,iaas,infecciones.focos.no_identificado.iaas,booleano,Solo 3 anotadores,12,1.0,1.0,,1.0,1.0,0.0,1.0,1.0,0.0,,,,0.0,,100.0
infecciones,focos,no_identificado,tratamiento,infecciones.focos.no_identificado.tratamiento,booleano,Todas (2-3 anotadores),44,1.0,1.0,1.0,1.0,1.0,0.0,1.0,1.0,0.0,1.0,1.0,0.0,0.0,1.0,100.0
infecciones,focos,no_identificado,tratamiento,infecciones.focos.no_identificado.tratamiento,booleano,Solo 3 anotadores,12,1.0,1.0,,1.0,1.0,0.0,1.0,1.0,0.0,,,,0.0,,100.0
infecciones,focos,osteoarticular,,infecciones.focos.osteoarticular,booleano,Todas (2-3 anotadores),43,-0.151,0.976,0.0,-0.221,1.0,0.563,0.9,1.0,0.025,0.0,0.0,0.0,1.0,0.11,98.8
infecciones,focos,osteoarticular,,infecciones.focos.osteoarticular,booleano,Solo 3 anotadores,12,1.0,1.0,,1.0,1.0,0.0,1.0,1.0,0.0,,,,0.0,,100.0
infecciones,focos,osteoarticular,agente,infecciones.focos.osteoarticular.agente,booleano,Todas (2-3 anotadores),44,1.0,1.0,,1.0,1.0,0.0,1.0,1.0,0.0,,,,0.0,,100.0
infecciones,focos,osteoarticular,agente,infecciones.focos.osteoarticular.agente,booleano,Solo 3 anotadores,12,1.0,1.0,,1.0,1.0,0.0,1.0,1.0,0.0,,,,0.0,,100.0
infecciones,focos,osteoarticular,tratamiento,infecciones.focos.osteoarticular.tratamiento,booleano,Todas (2-3 anotadores),44,1.0,1.0,,1.0,1.0,0.0,1.0,1.0,0.0,,,,0.0,,100.0
infecciones,focos,osteoarticular,tratamiento,infecciones.focos.osteoarticular.tratamiento,booleano,Solo 3 anotadores,12,1.0,1.0,,1.0,1.0,0.0,1.0,1.0,0.0,,,,0.0,,100.0
infecciones,focos,otro,,infecciones.focos.otro,booleano,Todas (2-3 anotadores),44,-0.041,0.936,0.0,-0.205,1.0,0.259,0.844,1.0,0.04,0.0,0.0,0.0,0.0,-0.013,97.0
infecciones,focos,otro,,infecciones.focos.otro,booleano,Solo 3 anotadores,12,-0.029,0.941,0.0,-0.091,1.0,0.5,0.803,1.0,0.065,0.0,0.0,0.0,0.0,0.0,97.2
infecciones,focos,otro,agente,infecciones.focos.otro.agente,booleano,Todas (2-3 anotadores),44,0.034,0.961,0.0,-0.183,1.0,0.356,0.899,1.0,0.029,0.0,0.0,0.0,0.0,-0.053,98.1
infecciones,focos,otro,agente,infecciones.focos.otro.agente,booleano,Solo 3 anotadores,12,-0.029,0.941,0.0,-0.091,1.0,0.5,0.803,1.0,0.065,0.0,0.0,0.0,0.0,0.0,97.2
infecciones,focos,otro,iaas,infecciones.focos.otro.iaas,booleano,Todas (2-3 anotadores),44,1.0,1.0,,1.0,1.0,0.0,1.0,1.0,0.0,,,,0.0,,100.0
infecciones,focos,otro,iaas,infecciones.focos.otro.iaas,booleano,Solo 3 anotadores,12,1.0,1.0,,1.0,1.0,0.0,1.0,1.0,0.0,,,,0.0,,100.0
infecciones,focos,otro,tratamiento,infecciones.focos.otro.tratamiento,booleano,Todas (2-3 anotadores),43,0.031,0.96,0.0,-0.187,1.0,0.358,0.888,1.0,0.03,0.0,0.0,0.0,0.0,-0.051,98.1
infecciones,focos,otro,tratamiento,infecciones.focos.otro.tratamiento,booleano,Solo 3 anotadores,12,-0.029,0.941,0.0,-0.091,1.0,0.5,0.803,1.0,0.065,0.0,0.0,0.0,0.0,0.0,97.2
infecciones,focos,piel_blandas,,infecciones.focos.piel_blandas,booleano,Todas (2-3 anotadores),44,0.799,0.974,0.889,-0.159,1.0,0.319,0.912,1.0,0.027,0.0,1.0,0.28,0.0,0.845,98.9
infecciones,focos,piel_blandas,,infecciones.focos.piel_blandas,booleano,Solo 3 anotadores,12,1.0,1.0,1.0,1.0,1.0,0.0,1.0,1.0,0.0,1.0,1.0,0.0,0.0,1.0,100.0
infecciones,focos,piel_blandas,agente,infecciones.focos.piel_blandas.agente,booleano,Todas (2-3 anotadores),44,0.235,0.985,0.0,0.188,1.0,0.371,0.952,1.0,0.015,0.0,0.0,0.0,0.0,-0.194,99.2
infecciones,focos,piel_blandas,agente,infecciones.focos.piel_blandas.agente,booleano,Solo 3 anotadores,12,-0.029,0.941,0.0,-0.091,1.0,0.5,0.803,1.0,0.065,0.0,0.0,0.0,0.0,0.0,97.2
infecciones,focos,piel_blandas,iaas,infecciones.focos.piel_blandas.iaas,booleano,Todas (2-3 anotadores),44,1.0,1.0,,1.0,1.0,0.0,1.0,1.0,0.0,,,,0.0,,100.0
infecciones,focos,piel_blandas,iaas,infecciones.focos.piel_blandas.iaas,booleano,Solo 3 anotadores,12,1.0,1.0,,1.0,1.0,0.0,1.0,1.0,0.0,,,,0.0,,100.0
infecciones,focos,piel_blandas,tratamiento,infecciones.focos.piel_blandas.tratamiento,booleano,Todas (2-3 anotadores),44,0.613,0.984,0.5,0.582,1.0,0.189,0.949,1.0,0.016,0.5,0.5,0.0,0.0,0.402,99.2
infecciones,focos,piel_blandas,tratamiento,infecciones.focos.piel_blandas.tratamiento,booleano,Solo 3 anotadores,12,0.471,0.938,0.5,0.4,1.0,0.263,0.769,1.0,0.076,0.5,0.5,0.0,0.0,0.5,97.2
infecciones,focos,respiratorio,,infecciones.focos.respiratorio,booleano,Todas (2-3 anotadores),44,0.399,0.594,0.579,0.107,0.654,0.139,0.345,0.805,0.117,0.364,0.756,0.101,0.0,0.419,87.9
infecciones,focos,respiratorio,,infecciones.focos.respiratorio,booleano,Solo 3 anotadores,12,0.446,0.629,0.6,0.1,0.775,0.19,0.243,0.927,0.181,0.286,0.858,0.154,0.0,0.476,88.9
infecciones,focos,respiratorio,agente,infecciones.focos.respiratorio.agente,booleano,Todas (2-3 anotadores),44,0.716,0.866,0.714,0.431,0.92,0.122,0.726,0.972,0.064,0.476,0.917,0.112,0.0,0.672,95.5
infecciones,focos,respiratorio,agente,infecciones.focos.respiratorio.agente,booleano,Solo 3 anotadores,12,0.518,0.745,0.625,0.071,1.0,0.225,0.365,1.0,0.156,0.237,1.0,0.193,0.0,0.546,91.7
infecciones,focos,respiratorio,iaas,infecciones.focos.respiratorio.iaas,booleano,Todas (2-3 anotadores),43,0.437,0.771,0.56,0.066,0.747,0.171,0.597,0.922,0.087,0.222,0.8,0.147,1.0,0.433,91.9
infecciones,focos,respiratorio,iaas,infecciones.focos.respiratorio.iaas,booleano,Solo 3 anotadores,11,0.505,0.713,0.625,0.057,1.0,0.235,0.323,1.0,0.17,0.2,1.0,0.195,0.0,0.536,90.9
infecciones,focos,respiratorio,tratamiento,infecciones.focos.respiratorio.tratamiento,booleano,Todas (2-3 anotadores),43,0.457,0.767,0.56,0.089,0.752,0.172,0.583,0.914,0.084,0.235,0.8,0.151,0.0,0.463,91.9
infecciones,focos,respiratorio,tratamiento,infecciones.focos.respiratorio.tratamiento,booleano,Solo 3 anotadores,12,0.468,0.757,0.571,-0.092,1.0,0.284,0.421,1.0,0.145,0.0,1.0,0.261,0.0,0.497,91.7
infecciones,focos,sistema_nervioso,,infecciones.focos.sistema_nervioso,booleano,Todas (2-3 anotadores),44,-0.148,0.977,0.0,-0.207,1.0,0.548,0.927,1.0,0.025,0.0,0.0,0.0,0.0,0.108,98.9
infecciones,focos,sistema_nervioso,,infecciones.focos.sistema_nervioso,booleano,Solo 3 anotadores,12,1.0,1.0,,1.0,1.0,0.0,1.0,1.0,0.0,,,,0.0,,100.0
infecciones,focos,sistema_nervioso,agente,infecciones.focos.sistema_nervioso.agente,booleano,Todas (2-3 anotadores),44,1.0,1.0,,1.0,1.0,0.0,1.0,1.0,0.0,,,,0.0,,100.0
infecciones,focos,sistema_nervioso,agente,infecciones.focos.sistema_nervioso.agente,booleano,Solo 3 anotadores,12,1.0,1.0,,1.0,1.0,0.0,1.0,1.0,0.0,,,,0.0,,100.0
infecciones,focos,sistema_nervioso,tratamiento,infecciones.focos.sistema_nervioso.tratamiento,booleano,Todas (2-3 anotadores),44,-0.148,0.977,0.0,-0.207,1.0,0.548,0.927,1.0,0.025,0.0,0.0,0.0,0.0,0.108,98.9
infecciones,focos,sistema_nervioso,tratamiento,infecciones.focos.sistema_nervioso.tratamiento,booleano,Solo 3 anotadores,12,1.0,1.0,,1.0,1.0,0.0,1.0,1.0,0.0,,,,0.0,,100.0
infecciones,focos,urinario,,infecciones.focos.urinario,booleano,Todas (2-3 anotadores),43,0.873,0.972,0.923,0.474,1.0,0.161,0.897,1.0,0.029,0.571,1.0,0.129,0.0,0.903,98.8
infecciones,focos,urinario,,infecciones.focos.urinario,booleano,Solo 3 anotadores,12,1.0,1.0,1.0,1.0,1.0,0.0,1.0,1.0,0.0,1.0,1.0,0.0,0.0,1.0,100.0
infecciones,focos,urinario,agente,infecciones.focos.urinario.agente,booleano,Todas (2-3 anotadores),44,0.722,0.946,0.833,-0.159,1.0,0.26,0.855,1.0,0.041,0.0,1.0,0.222,0.0,0.786,97.7
infecciones,focos,urinario,agente,infecciones.focos.urinario.agente,booleano,Solo 3 anotadores,12,1.0,1.0,1.0,1.0,1.0,0.0,1.0,1.0,0.0,1.0,1.0,0.0,0.0,1.0,100.0
infecciones,focos,urinario,iaas,infecciones.focos.urinario.iaas,booleano,Todas (2-3 anotadores),42,1.0,1.0,,1.0,1.0,0.0,1.0,1.0,0.0,,,,0.0,,100.0
infecciones,focos,urinario,iaas,infecciones.focos.urinario.iaas,booleano,Solo 3 anotadores,12,1.0,1.0,,1.0,1.0,0.0,1.0,1.0,0.0,,,,0.0,,100.0
infecciones,focos,urinario,tratamiento,infecciones.focos.urinario.tratamiento,booleano,Todas (2-3 anotadores),43,0.845,0.973,0.909,-0.128,1.0,0.242,0.897,1.0,0.029,0.0,1.0,0.204,0.0,0.881,98.8
infecciones,focos,urinario,tratamiento,infecciones.focos.urinario.tratamiento,booleano,Solo 3 anotadores,12,1.0,1.0,1.0,1.0,1.0,0.0,1.0,1.0,0.0,1.0,1.0,0.0,0.0,1.0,100.0
infecciones,sepsis,,,infecciones.sepsis,booleano,Todas (2-3 anotadores),43,0.842,0.848,0.885,0.672,0.969,0.078,0.692,0.971,0.074,0.769,0.982,0.054,0.0,0.831,96.1
infecciones,sepsis,,,infecciones.sepsis,booleano,Solo 3 anotadores,12,0.723,0.814,0.8,0.357,1.0,0.181,0.484,1.0,0.133,0.5,1.0,0.142,0.0,0.742,94.5
ingreso,,,,ingreso,booleano,Todas (2-3 anotadores),44,0.635,0.819,0.925,0.301,0.888,0.151,0.645,0.953,0.08,0.851,0.982,0.034,0.0,0.648,93.9
ingreso,,,,ingreso,booleano,Solo 3 anotadores,12,0.704,0.822,0.926,0.071,1.0,0.233,0.536,1.0,0.127,0.8,1.0,0.057,0.0,0.724,94.5
ingreso,diagnostico,,,ingreso.diagnostico,booleano,Todas (2-3 anotadores),44,0.539,0.7,0.878,0.243,0.786,0.141,0.468,0.88,0.103,0.78,0.949,0.045,0.0,0.555,90.9
ingreso,diagnostico,,,ingreso.diagnostico,booleano,Solo 3 anotadores,12,0.607,0.71,0.88,0.156,1.0,0.21,0.351,1.0,0.162,0.708,1.0,0.077,0.0,0.632,91.7
ingreso,diagnostico,otros,,ingreso.diagnostico.otros,sin_dato,Todas (2-3 anotadores),0,,,,,,,,,,,,,,,
ingreso,diagnostico,otros,,ingreso.diagnostico.otros,sin_dato,Solo 3 anotadores,0,,,,,,,,,,,,,,,
ingreso,diagnostico,principal,,ingreso.diagnostico.principal,sin_dato,Todas (2-3 anotadores),0,,,,,,,,,,,,,,,
ingreso,diagnostico,principal,,ingreso.diagnostico.principal,sin_dato,Solo 3 anotadores,0,,,,,,,,,,,,,,,
ingreso,fecha_ingreso_upc,,,ingreso.fecha_ingreso_upc,categorico,Todas (2-3 anotadores),23,0.788,0.789,,0.599,0.951,0.085,0.605,0.953,0.084,,,,0.0,,89.9
ingreso,fecha_ingreso_upc,,,ingreso.fecha_ingreso_upc,categorico,Solo 3 anotadores,5,0.837,0.841,,0.444,1.0,0.178,0.474,1.0,0.163,,,,0.0,,93.3
ingreso,unidad_origen,,,ingreso.unidad_origen,categorico,Todas (2-3 anotadores),40,0.284,0.35,,0.101,0.475,0.092,0.176,0.531,0.089,,,,0.0,,71.7
ingreso,unidad_origen,,,ingreso.unidad_origen,categorico,Solo 3 anotadores,9,0.093,0.183,,-0.146,0.253,0.102,-0.011,0.426,0.115,,,,0.0,,63.0
soporte,,,,soporte,booleano,Todas (2-3 anotadores),44,0.498,0.853,0.924,0.082,0.795,0.183,0.69,0.955,0.067,0.852,0.977,0.032,0.0,0.456,94.3
soporte,,,,soporte,booleano,Solo 3 anotadores,12,0.156,0.792,0.906,-0.125,1.0,0.229,0.467,1.0,0.133,0.778,1.0,0.055,0.0,0.189,91.7
soporte,circulacion_extracorporea,,,soporte.circulacion_extracorporea,booleano,Todas (2-3 anotadores),44,1.0,1.0,1.0,1.0,1.0,0.0,1.0,1.0,0.0,1.0,1.0,0.0,0.0,1.0,100.0
soporte,circulacion_extracorporea,,,soporte.circulacion_extracorporea,booleano,Solo 3 anotadores,12,1.0,1.0,1.0,1.0,1.0,0.0,1.0,1.0,0.0,1.0,1.0,0.0,0.0,1.0,100.0
soporte,hemodinamico,,,soporte.hemodinamico,booleano,Todas (2-3 anotadores),44,0.864,0.864,0.892,0.712,0.97,0.069,0.727,0.971,0.065,0.764,0.984,0.059,0.0,0.825,96.6
soporte,hemodinamico,,,soporte.hemodinamico,booleano,Solo 3 anotadores,12,0.663,0.671,0.812,0.22,0.889,0.184,0.335,0.931,0.155,0.444,0.96,0.133,0.0,0.685,91.7
soporte,hemodinamico,corticoides_shock,,soporte.hemodinamico.corticoides_shock,booleano,Todas (2-3 anotadores),44,-0.148,0.977,0.0,-0.206,1.0,0.552,0.927,1.0,0.024,0.0,0.0,0.0,0.0,0.108,98.9
soporte,hemodinamico,corticoides_shock,,soporte.hemodinamico.corticoides_shock,booleano,Solo 3 anotadores,12,1.0,1.0,,1.0,1.0,0.0,1.0,1.0,0.0,,,,0.0,,100.0
soporte,hemodinamico,drogas_vasoactivas,,soporte.hemodinamico.drogas_vasoactivas,booleano,Todas (2-3 anotadores),44,0.909,0.909,0.903,0.789,1.0,0.053,0.818,1.0,0.049,0.773,1.0,0.061,0.0,0.86,97.7
soporte,hemodinamico,drogas_vasoactivas,,soporte.hemodinamico.drogas_vasoactivas,booleano,Solo 3 anotadores,12,0.657,0.676,0.8,0.157,0.889,0.201,0.351,0.931,0.151,0.375,0.96,0.159,0.0,0.68,91.7
soporte,hemodinamico,inotropicos,,soporte.hemodinamico.inotropicos,booleano,Todas (2-3 anotadores),44,1.0,1.0,1.0,1.0,1.0,0.0,1.0,1.0,0.0,1.0,1.0,0.0,0.0,1.0,100.0
soporte,hemodinamico,inotropicos,,soporte.hemodinamico.inotropicos,booleano,Solo 3 anotadores,12,1.0,1.0,1.0,1.0,1.0,0.0,1.0,1.0,0.0,1.0,1.0,0.0,0.0,1.0,100.0
soporte,hemodinamico,otro,,soporte.hemodinamico.otro,booleano,Todas (2-3 anotadores),44,-0.148,0.977,0.0,-0.216,1.0,0.55,0.927,1.0,0.025,0.0,0.0,0.0,0.0,0.108,98.9
soporte,hemodinamico,otro,,soporte.hemodinamico.otro,booleano,Solo 3 anotadores,12,1.0,1.0,,1.0,1.0,0.0,1.0,1.0,0.0,,,,0.0,,100.0
soporte,hemodinamico,soporte_circulatorio_mecanico,,soporte.hemodinamico.soporte_circulatorio_mecanico,booleano,Todas (2-3 anotadores),44,0.235,0.985,0.0,0.189,1.0,0.371,0.952,1.0,0.015,0.0,0.0,0.0,0.0,-0.194,99.2
soporte,hemodinamico,soporte_circulatorio_mecanico,,soporte.hemodinamico.soporte_circulatorio_mecanico,booleano,Solo 3 anotadores,12,-0.029,0.941,0.0,-0.091,1.0,0.502,0.803,1.0,0.058,0.0,0.0,0.0,0.0,-0.0,97.2
soporte,hfav,,,soporte.hfav,booleano,Todas (2-3 anotadores),44,0.485,0.911,0.5,-0.148,0.868,0.221,0.794,0.984,0.048,0.0,0.75,0.151,0.0,0.443,96.2
soporte,hfav,,,soporte.hfav,booleano,Solo 3 anotadores,12,0.437,0.862,0.5,0.308,1.0,0.183,0.536,1.0,0.116,0.5,0.5,0.0,0.0,0.468,94.5
soporte,hfav,motivo,,soporte.hfav.motivo,sin_dato,Todas (2-3 anotadores),0,,,,,,,,,,,,,,,
soporte,hfav,motivo,,soporte.hfav.motivo,sin_dato,Solo 3 anotadores,0,,,,,,,,,,,,,,,
soporte,intervenciones,,,soporte.intervenciones,booleano,Todas (2-3 anotadores),44,0.39,0.398,0.6,0.136,0.62,0.125,0.155,0.644,0.125,0.468,0.733,0.066,0.0,0.339,84.9
soporte,intervenciones,,,soporte.intervenciones,booleano,Solo 3 anotadores,12,0.065,0.153,0.429,-0.238,0.291,0.134,-0.218,0.596,0.213,0.286,0.5,0.057,0.0,0.096,77.8
soporte,intervenciones,cardiologico,,soporte.intervenciones.cardiologico,booleano,Todas (2-3 anotadores),44,1.0,1.0,1.0,1.0,1.0,0.0,1.0,1.0,0.0,1.0,1.0,0.0,0.0,1.0,100.0
soporte,intervenciones,cardiologico,,soporte.intervenciones.cardiologico,booleano,Solo 3 anotadores,12,1.0,1.0,,1.0,1.0,0.0,1.0,1.0,0.0,,,,0.0,,100.0
soporte,intervenciones,endoscopico,,soporte.intervenciones.endoscopico,booleano,Todas (2-3 anotadores),44,0.537,0.898,0.545,-0.066,0.923,0.242,0.768,0.984,0.057,0.0,0.923,0.215,1.0,0.578,95.8
soporte,intervenciones,endoscopico,,soporte.intervenciones.endoscopico,booleano,Solo 3 anotadores,12,-0.029,0.941,0.0,-0.091,1.0,0.503,0.803,1.0,0.062,0.0,0.0,0.0,0.0,-0.0,97.2
soporte,intervenciones,otro,,soporte.intervenciones.otro,booleano,Todas (2-3 anotadores),44,0.491,0.9,0.545,-0.172,0.88,0.246,0.778,0.983,0.053,0.0,0.857,0.19,0.0,0.536,95.8
soporte,intervenciones,otro,,soporte.intervenciones.otro,booleano,Solo 3 anotadores,12,0.471,0.938,0.5,0.4,1.0,0.266,0.769,1.0,0.074,0.5,0.5,0.0,0.0,0.5,97.2
soporte,intervenciones,quirurgico,,soporte.intervenciones.quirurgico,booleano,Todas (2-3 anotadores),44,0.401,0.672,0.5,0.139,0.649,0.134,0.46,0.854,0.102,0.333,0.667,0.086,0.0,0.371,89.4
soporte,intervenciones,quirurgico,,soporte.intervenciones.quirurgico,booleano,Solo 3 anotadores,12,0.259,0.556,0.444,-0.003,0.437,0.112,0.047,0.869,0.206,0.25,0.5,0.071,0.0,0.292,86.1
soporte,intervenciones,reperfusion,,soporte.intervenciones.reperfusion,booleano,Todas (2-3 anotadores),44,1.0,1.0,1.0,1.0,1.0,0.0,1.0,1.0,0.0,1.0,1.0,0.0,0.0,1.0,100.0
soporte,intervenciones,reperfusion,,soporte.intervenciones.reperfusion,booleano,Solo 3 anotadores,12,1.0,1.0,,1.0,1.0,0.0,1.0,1.0,0.0,,,,0.0,,100.0
soporte,otros_avanzados,,,soporte.otros_avanzados,booleano,Todas (2-3 anotadores),44,0.034,0.961,0.0,-0.193,1.0,0.355,0.891,1.0,0.029,0.0,0.0,0.0,0.0,-0.053,98.1
soporte,otros_avanzados,,,soporte.otros_avanzados,booleano,Solo 3 anotadores,12,-0.029,0.941,0.0,-0.091,1.0,0.506,0.803,1.0,0.063,0.0,0.0,0.0,0.0,0.0,97.2
soporte,otros_avanzados,hemoadsorcion,,soporte.otros_avanzados.hemoadsorcion,booleano,Todas (2-3 anotadores),44,1.0,1.0,,1.0,1.0,0.0,1.0,1.0,0.0,,,,0.0,,100.0
soporte,otros_avanzados,hemoadsorcion,,soporte.otros_avanzados.hemoadsorcion,booleano,Solo 3 anotadores,12,1.0,1.0,,1.0,1.0,0.0,1.0,1.0,0.0,,,,0.0,,100.0
soporte,otros_avanzados,hipotermia_terapeutica,,soporte.otros_avanzados.hipotermia_terapeutica,booleano,Todas (2-3 anotadores),44,1.0,1.0,,1.0,1.0,0.0,1.0,1.0,0.0,,,,0.0,,100.0
soporte,otros_avanzados,hipotermia_terapeutica,,soporte.otros_avanzados.hipotermia_terapeutica,booleano,Solo 3 anotadores,12,1.0,1.0,,1.0,1.0,0.0,1.0,1.0,0.0,,,,0.0,,100.0
soporte,otros_avanzados,insulina_infusion,,soporte.otros_avanzados.insulina_infusion,booleano,Todas (2-3 anotadores),44,1.0,1.0,,1.0,1.0,0.0,1.0,1.0,0.0,,,,0.0,,100.0
soporte,otros_avanzados,insulina_infusion,,soporte.otros_avanzados.insulina_infusion,booleano,Solo 3 anotadores,12,1.0,1.0,,1.0,1.0,0.0,1.0,1.0,0.0,,,,0.0,,100.0
soporte,otros_avanzados,otro,,soporte.otros_avanzados.otro,booleano,Todas (2-3 anotadores),44,1.0,1.0,,1.0,1.0,0.0,1.0,1.0,0.0,,,,0.0,,100.0
soporte,otros_avanzados,otro,,soporte.otros_avanzados.otro,booleano,Solo 3 anotadores,12,1.0,1.0,,1.0,1.0,0.0,1.0,1.0,0.0,,,,0.0,,100.0
soporte,otros_avanzados,recambio_plasmatico,,soporte.otros_avanzados.recambio_plasmatico,booleano,Todas (2-3 anotadores),44,1.0,1.0,,1.0,1.0,0.0,1.0,1.0,0.0,,,,0.0,,100.0
soporte,otros_avanzados,recambio_plasmatico,,soporte.otros_avanzados.recambio_plasmatico,booleano,Solo 3 anotadores,12,1.0,1.0,,1.0,1.0,0.0,1.0,1.0,0.0,,,,0.0,,100.0
soporte,otros_avanzados,soporte_hepatico,,soporte.otros_avanzados.soporte_hepatico,booleano,Todas (2-3 anotadores),44,1.0,1.0,,1.0,1.0,0.0,1.0,1.0,0.0,,,,0.0,,100.0
soporte,otros_avanzados,soporte_hepatico,,soporte.otros_avanzados.soporte_hepatico,booleano,Solo 3 anotadores,12,1.0,1.0,,1.0,1.0,0.0,1.0,1.0,0.0,,,,0.0,,100.0
soporte,reanimacion,,,soporte.reanimacion,booleano,Todas (2-3 anotadores),43,0.619,0.915,0.769,-0.152,1.0,0.245,0.806,1.0,0.049,0.0,1.0,0.212,0.0,0.708,96.5
soporte,reanimacion,,,soporte.reanimacion,booleano,Solo 3 anotadores,12,1.0,1.0,1.0,1.0,1.0,0.0,1.0,1.0,0.0,1.0,1.0,0.0,0.0,1.0,100.0
soporte,reanimacion,causa_paro,,soporte.reanimacion.causa_paro,sin_dato,Todas (2-3 anotadores),0,,,,,,,,,,,,,,,
soporte,reanimacion,causa_paro,,soporte.reanimacion.causa_paro,sin_dato,Solo 3 anotadores,0,,,,,,,,,,,,,,,
soporte,reanimacion,duracion_ciclos,,soporte.reanimacion.duracion_ciclos,sin_dato,Todas (2-3 anotadores),0,,,,,,,,,,,,,,,
soporte,reanimacion,duracion_ciclos,,soporte.reanimacion.duracion_ciclos,sin_dato,Solo 3 anotadores,0,,,,,,,,,,,,,,,
soporte,reanimacion,fecha_disponible,,soporte.reanimacion.fecha_disponible,booleano,Todas (2-3 anotadores),44,0.667,0.96,0.667,-0.103,1.0,0.279,0.892,1.0,0.028,0.0,1.0,0.302,1.0,0.638,98.1
soporte,reanimacion,fecha_disponible,,soporte.reanimacion.fecha_disponible,booleano,Solo 3 anotadores,12,-0.029,0.941,0.0,-0.091,1.0,0.5,0.803,1.0,0.065,0.0,0.0,0.0,0.0,0.0,97.2
soporte,reanimacion,requirio_desfibrilacion,,soporte.reanimacion.requirio_desfibrilacion,booleano,Todas (2-3 anotadores),42,1.0,1.0,1.0,1.0,1.0,0.0,1.0,1.0,0.0,1.0,1.0,0.0,1.0,1.0,100.0
soporte,reanimacion,requirio_desfibrilacion,,soporte.reanimacion.requirio_desfibrilacion,booleano,Solo 3 anotadores,12,1.0,1.0,,1.0,1.0,0.0,1.0,1.0,0.0,,,,0.0,,100.0
soporte,reanimacion,retorno_circulacion,,soporte.reanimacion.retorno_circulacion,booleano,Todas (2-3 anotadores),43,0.649,0.946,0.8,-0.187,1.0,0.339,0.858,1.0,0.038,0.0,1.0,0.3,1.0,0.731,97.7
soporte,reanimacion,retorno_circulacion,,soporte.reanimacion.retorno_circulacion,booleano,Solo 3 anotadores,12,1.0,1.0,1.0,1.0,1.0,0.0,1.0,1.0,0.0,1.0,1.0,0.0,0.0,1.0,100.0
soporte,reanimacion,ritmo_inicial,,soporte.reanimacion.ritmo_inicial,categorico,Todas (2-3 anotadores),3,0.546,0.564,,,,,,,,,,,0.0,,88.9
soporte,reanimacion,ritmo_inicial,,soporte.reanimacion.ritmo_inicial,categorico,Solo 3 anotadores,1,-0.5,-0.2,,,,,,,,,,,0.0,,66.7
soporte,renal,,,soporte.renal,booleano,Todas (2-3 anotadores),43,0.841,0.875,0.851,0.663,0.967,0.079,0.751,0.976,0.058,0.649,0.982,0.084,0.0,0.798,96.5
soporte,renal,,,soporte.renal,booleano,Solo 3 anotadores,12,0.657,0.676,0.8,0.212,1.0,0.19,0.351,1.0,0.152,0.429,1.0,0.142,0.0,0.68,91.7
soporte,renal,dialisis_peritoneal_aguda,,soporte.renal.dialisis_peritoneal_aguda,booleano,Todas (2-3 anotadores),44,1.0,1.0,,1.0,1.0,0.0,1.0,1.0,0.0,,,,0.0,,100.0
soporte,renal,dialisis_peritoneal_aguda,,soporte.renal.dialisis_peritoneal_aguda,booleano,Solo 3 anotadores,12,1.0,1.0,,1.0,1.0,0.0,1.0,1.0,0.0,,,,0.0,,100.0
soporte,renal,hemodialisis_aguda,,soporte.renal.hemodialisis_aguda,booleano,Todas (2-3 anotadores),44,0.703,0.898,0.7,0.321,0.941,0.163,0.773,0.982,0.054,0.286,0.952,0.174,1.0,0.679,96.2
soporte,renal,hemodialisis_aguda,,soporte.renal.hemodialisis_aguda,booleano,Solo 3 anotadores,12,0.535,0.854,0.6,-0.125,1.0,0.384,0.629,1.0,0.105,0.0,1.0,0.361,0.0,0.563,94.5
soporte,renal,otro,,soporte.renal.otro,booleano,Todas (2-3 anotadores),44,0.219,0.952,0.0,0.158,1.0,0.158,0.897,1.0,0.028,0.0,0.0,0.0,0.0,-0.219,97.7
soporte,renal,otro,,soporte.renal.otro,booleano,Solo 3 anotadores,12,-0.091,0.803,0.0,-0.2,1.0,0.193,0.538,1.0,0.119,0.0,0.0,0.0,0.0,-0.065,91.7
soporte,renal,trr_continua,,soporte.renal.trr_continua,booleano,Todas (2-3 anotadores),44,0.491,0.9,0.615,-0.169,0.897,0.28,0.782,0.983,0.053,0.0,0.917,0.279,0.0,0.536,95.8
soporte,renal,trr_continua,,soporte.renal.trr_continua,booleano,Solo 3 anotadores,12,0.719,0.931,0.75,-0.059,1.0,0.406,0.769,1.0,0.069,0.0,1.0,0.394,0.0,0.738,97.2
soporte,renal,ultrafiltracion_aislada,,soporte.renal.ultrafiltracion_aislada,booleano,Todas (2-3 anotadores),44,1.0,1.0,1.0,1.0,1.0,0.0,1.0,1.0,0.0,1.0,1.0,0.0,0.0,1.0,100.0
soporte,renal,ultrafiltracion_aislada,,soporte.renal.ultrafiltracion_aislada,booleano,Solo 3 anotadores,12,1.0,1.0,1.0,1.0,1.0,0.0,1.0,1.0,0.0,1.0,1.0,0.0,0.0,1.0,100.0
soporte,respiratorio,,,soporte.respiratorio,booleano,Todas (2-3 anotadores),43,0.807,0.82,0.947,0.612,0.953,0.095,0.635,0.959,0.086,0.877,0.989,0.03,1.0,0.853,95.3
soporte,respiratorio,,,soporte.respiratorio,booleano,Solo 3 anotadores,12,1.0,1.0,1.0,1.0,1.0,0.0,1.0,1.0,0.0,1.0,1.0,0.0,0.0,1.0,100.0
soporte,respiratorio,bloqueo_neuromuscular,,soporte.respiratorio.bloqueo_neuromuscular,booleano,Todas (2-3 anotadores),44,-0.184,0.902,0.0,-0.254,-0.102,0.144,0.786,0.977,0.051,0.0,0.0,0.0,0.0,0.08,95.5
soporte,respiratorio,bloqueo_neuromuscular,,soporte.respiratorio.bloqueo_neuromuscular,booleano,Solo 3 anotadores,12,1.0,1.0,,1.0,1.0,0.0,1.0,1.0,0.0,,,,0.0,,100.0
soporte,respiratorio,bloqueo_neuromuscular,fecha_inicio,soporte.respiratorio.bloqueo_neuromuscular.fecha_inicio,categorico,Todas (2-3 anotadores),0,,,,,,,,,,,,,,,
soporte,respiratorio,bloqueo_neuromuscular,fecha_inicio,soporte.respiratorio.bloqueo_neuromuscular.fecha_inicio,categorico,Solo 3 anotadores,0,,,,,,,,,,,,,,,
soporte,respiratorio,bloqueo_neuromuscular,fecha_termino,soporte.respiratorio.bloqueo_neuromuscular.fecha_termino,categorico,Todas (2-3 anotadores),0,,,,,,,,,,,,,,,
soporte,respiratorio,bloqueo_neuromuscular,fecha_termino,soporte.respiratorio.bloqueo_neuromuscular.fecha_termino,categorico,Solo 3 anotadores,0,,,,,,,,,,,,,,,
soporte,respiratorio,bloqueo_neuromuscular,mas_de_un_ciclo,soporte.respiratorio.bloqueo_neuromuscular.mas_de_un_ciclo,booleano,Todas (2-3 anotadores),44,-0.148,0.977,0.0,-0.216,1.0,0.549,0.927,1.0,0.024,0.0,0.0,0.0,0.0,0.108,98.9
soporte,respiratorio,bloqueo_neuromuscular,mas_de_un_ciclo,soporte.respiratorio.bloqueo_neuromuscular.mas_de_un_ciclo,booleano,Solo 3 anotadores,12,1.0,1.0,,1.0,1.0,0.0,1.0,1.0,0.0,,,,0.0,,100.0
soporte,respiratorio,prono,,soporte.respiratorio.prono,booleano,Todas (2-3 anotadores),44,1.0,1.0,1.0,1.0,1.0,0.0,1.0,1.0,0.0,1.0,1.0,0.0,0.0,1.0,100.0
soporte,respiratorio,prono,,soporte.respiratorio.prono,booleano,Solo 3 anotadores,12,1.0,1.0,,1.0,1.0,0.0,1.0,1.0,0.0,,,,0.0,,100.0
soporte,respiratorio,prono,fecha_inicio,soporte.respiratorio.prono.fecha_inicio,categorico,Todas (2-3 anotadores),2,1.0,1.0,,,,,,,,,,,0.0,,100.0
soporte,respiratorio,prono,fecha_inicio,soporte.respiratorio.prono.fecha_inicio,categorico,Solo 3 anotadores,0,,,,,,,,,,,,,,,
soporte,respiratorio,prono,fecha_termino,soporte.respiratorio.prono.fecha_termino,categorico,Todas (2-3 anotadores),2,1.0,1.0,,,,,,,,,,,0.0,,100.0
soporte,respiratorio,prono,fecha_termino,soporte.respiratorio.prono.fecha_termino,categorico,Solo 3 anotadores,0,,,,,,,,,,,,,,,
soporte,respiratorio,prono,mas_de_un_ciclo,soporte.respiratorio.prono.mas_de_un_ciclo,booleano,Todas (2-3 anotadores),44,1.0,1.0,1.0,1.0,1.0,0.0,1.0,1.0,0.0,1.0,1.0,0.0,0.0,1.0,100.0
soporte,respiratorio,prono,mas_de_un_ciclo,soporte.respiratorio.prono.mas_de_un_ciclo,booleano,Solo 3 anotadores,12,1.0,1.0,,1.0,1.0,0.0,1.0,1.0,0.0,,,,0.0,,100.0
soporte,respiratorio,traqueostomia,,soporte.respiratorio.traqueostomia,booleano,Todas (2-3 anotadores),44,0.811,0.94,0.9,0.418,1.0,0.158,0.841,1.0,0.043,0.571,1.0,0.12,1.0,0.855,97.7
soporte,respiratorio,traqueostomia,,soporte.respiratorio.traqueostomia,booleano,Solo 3 anotadores,12,1.0,1.0,1.0,1.0,1.0,0.0,1.0,1.0,0.0,1.0,1.0,0.0,0.0,1.0,100.0
soporte,respiratorio,traqueostomia,fecha_realizacion,soporte.respiratorio.traqueostomia.fecha_realizacion,categorico,Todas (2-3 anotadores),5,0.752,0.762,,0.091,1.0,0.269,0.127,1.0,0.249,,,,0.0,,90.0
soporte,respiratorio,traqueostomia,fecha_realizacion,soporte.respiratorio.traqueostomia.fecha_realizacion,categorico,Solo 3 anotadores,2,1.0,1.0,,,,,,,,,,,0.0,,100.0
soporte,respiratorio,traqueostomia,motivo,soporte.respiratorio.traqueostomia.motivo,sin_dato,Todas (2-3 anotadores),0,,,,,,,,,,,,,,,
soporte,respiratorio,traqueostomia,motivo,soporte.respiratorio.traqueostomia.motivo,sin_dato,Solo 3 anotadores,0,,,,,,,,,,,,,,,
soporte,respiratorio,vmi,,soporte.respiratorio.vmi,booleano,Todas (2-3 anotadores),43,0.813,0.815,0.931,0.619,0.953,0.09,0.635,0.956,0.086,0.837,0.987,0.039,1.0,0.857,95.3
soporte,respiratorio,vmi,,soporte.respiratorio.vmi,booleano,Solo 3 anotadores,12,1.0,1.0,1.0,1.0,1.0,0.0,1.0,1.0,0.0,1.0,1.0,0.0,0.0,1.0,100.0
soporte,respiratorio,vmi,fecha_inicio,soporte.respiratorio.vmi.fecha_inicio,categorico,Todas (2-3 anotadores),19,0.522,0.526,,0.27,0.729,0.119,0.291,0.738,0.119,,,,0.0,,77.2
soporte,respiratorio,vmi,fecha_inicio,soporte.respiratorio.vmi.fecha_inicio,categorico,Solo 3 anotadores,2,0.455,0.52,,,,,,,,,,,0.0,,83.3
soporte,respiratorio,vmi,fecha_termino,soporte.respiratorio.vmi.fecha_termino,categorico,Todas (2-3 anotadores),17,0.749,0.752,,0.483,0.934,0.117,0.491,0.936,0.113,,,,0.0,,88.2
soporte,respiratorio,vmi,fecha_termino,soporte.respiratorio.vmi.fecha_termino,categorico,Solo 3 anotadores,3,1.0,1.0,,,,,,,,,,,0.0,,100.0
soporte,respiratorio,vmi,mas_de_un_ciclo,soporte.respiratorio.vmi.mas_de_un_ciclo,booleano,Todas (2-3 anotadores),44,0.588,0.929,0.6,-0.137,1.0,0.247,0.827,1.0,0.045,0.0,1.0,0.196,2.0,0.603,97.0
soporte,respiratorio,vmi,mas_de_un_ciclo,soporte.respiratorio.vmi.mas_de_un_ciclo,booleano,Solo 3 anotadores,12,0.471,0.938,0.5,0.4,1.0,0.262,0.769,1.0,0.073,0.5,0.5,0.0,0.0,0.5,97.2
soporte,respiratorio,vmi,motivo,soporte.respiratorio.vmi.motivo,sin_dato,Todas (2-3 anotadores),0,,,,,,,,,,,,,,,
soporte,respiratorio,vmi,motivo,soporte.respiratorio.vmi.motivo,sin_dato,Solo 3 anotadores,0,,,,,,,,,,,,,,,
soporte,respiratorio,vmni,,soporte.respiratorio.vmni,booleano,Todas (2-3 anotadores),44,0.785,0.942,0.889,0.268,1.0,0.206,0.855,1.0,0.04,0.4,1.0,0.164,3.0,0.835,97.7
soporte,respiratorio,vmni,,soporte.respiratorio.vmni,booleano,Solo 3 anotadores,12,1.0,1.0,1.0,1.0,1.0,0.0,1.0,1.0,0.0,1.0,1.0,0.0,2.8,1.0,100.0
soporte,sedoanalgesia_continua,,,soporte.sedoanalgesia_continua,booleano,Todas (2-3 anotadores),42,0.811,0.921,0.737,0.524,1.0,0.12,0.814,1.0,0.047,0.421,1.0,0.147,1.1,0.77,97.2
soporte,sedoanalgesia_continua,,,soporte.sedoanalgesia_continua,booleano,Solo 3 anotadores,11,-0.065,0.863,0.0,-0.179,1.0,0.361,0.592,1.0,0.107,0.0,0.0,0.0,0.0,-0.034,93.9
soporte,transfusion,,,soporte.transfusion,booleano,Todas (2-3 anotadores),44,0.712,0.812,0.78,0.474,0.891,0.109,0.653,0.942,0.076,0.56,0.919,0.092,1.0,0.689,94.3
soporte,transfusion,,,soporte.transfusion,booleano,Solo 3 anotadores,12,0.649,0.682,0.786,0.259,1.0,0.183,0.341,1.0,0.162,0.454,1.0,0.13,0.0,0.672,91.7
soporte,transfusion,masiva,,soporte.transfusion.masiva,booleano,Todas (2-3 anotadores),44,0.8,0.974,0.889,-0.148,1.0,0.301,0.909,1.0,0.027,0.0,1.0,0.266,0.0,0.844,98.9
soporte,transfusion,masiva,,soporte.transfusion.masiva,booleano,Solo 3 anotadores,11,1.0,1.0,1.0,1.0,1.0,0.0,1.0,1.0,0.0,1.0,1.0,0.0,0.0,1.0,100.0
soporte,transfusion,tipo,,soporte.transfusion.tipo,booleano,Todas (2-3 anotadores),44,0.605,0.855,0.615,0.293,0.847,0.144,0.695,0.962,0.069,0.333,0.828,0.129,0.0,0.521,94.7
soporte,transfusion,tipo,,soporte.transfusion.tipo,booleano,Solo 3 anotadores,12,0.446,0.629,0.6,0.071,0.839,0.195,0.225,0.927,0.189,0.282,0.868,0.156,0.0,0.476,88.9
