Alcance,Variante,Modelo,Comparacion,Metrica,diferencia,IC95_inf,IC95_sup,n_pacientes
todos,faltante_como_error,Gemma4,B-A,exactitud_balanceada,-0.007,-0.015,0.0,44
todos,faltante_como_error,Gemma4,B-A,f1,-0.026,-0.043,-0.008,44
todos,faltante_como_error,Gemma4,C-B,exactitud_balanceada,-0.025,-0.063,0.0,44
todos,faltante_como_error,Gemma4,C-B,f1,-0.033,-0.127,0.028,44
todos,faltante_como_error,Gemma4,C-A,exactitud_balanceada,-0.032,-0.074,-0.006,44
todos,faltante_como_error,Gemma4,C-A,f1,-0.058,-0.16,0.007,44
todos,faltante_como_error,Qwen,B-A,exactitud_balanceada,-0.027,-0.051,-0.005,44
todos,faltante_como_error,Qwen,B-A,f1,-0.071,-0.104,-0.039,44
todos,faltante_como_error,Qwen,C-B,exactitud_balanceada,-0.099,-0.184,-0.028,44
todos,faltante_como_error,Qwen,C-B,f1,-0.163,-0.29,-0.029,44
todos,faltante_como_error,Qwen,C-A,exactitud_balanceada,-0.126,-0.21,-0.056,44
todos,faltante_como_error,Qwen,C-A,f1,-0.234,-0.361,-0.099,44
todos,faltante_como_error,Llama-70B,B-A,exactitud_balanceada,0.209,0.165,0.248,44
todos,faltante_como_error,Llama-70B,B-A,f1,0.308,0.242,0.37,44
todos,faltante_como_error,Llama-70B,C-B,exactitud_balanceada,-0.116,-0.214,-0.031,44
todos,faltante_como_error,Llama-70B,C-B,f1,-0.19,-0.321,-0.055,44
todos,faltante_como_error,Llama-70B,C-A,exactitud_balanceada,0.093,0.0,0.176,44
todos,faltante_como_error,Llama-70B,C-A,f1,0.118,0.007,0.247,44
todos,solo_validos,Gemma4,B-A,exactitud_balanceada,-0.0,-0.012,0.014,44
todos,solo_validos,Gemma4,B-A,f1,-0.014,-0.047,0.016,44
todos,solo_validos,Gemma4,C-B,exactitud_balanceada,-0.007,-0.021,0.008,44
todos,solo_validos,Gemma4,C-B,f1,0.004,-0.037,0.048,44
todos,solo_validos,Gemma4,C-A,exactitud_balanceada,-0.007,-0.024,0.011,44
todos,solo_validos,Gemma4,C-A,f1,-0.01,-0.041,0.024,44
todos,solo_validos,Qwen,B-A,exactitud_balanceada,0.017,-0.012,0.051,44
todos,solo_validos,Qwen,B-A,f1,0.007,-0.058,0.073,44
todos,solo_validos,Qwen,C-B,exactitud_balanceada,-0.004,-0.042,0.028,44
todos,solo_validos,Qwen,C-B,f1,0.022,-0.043,0.089,44
todos,solo_validos,Qwen,C-A,exactitud_balanceada,0.013,-0.012,0.036,44
todos,solo_validos,Qwen,C-A,f1,0.029,-0.015,0.073,44
todos,solo_validos,Llama-70B,B-A,exactitud_balanceada,,,,44
todos,solo_validos,Llama-70B,B-A,f1,,,,44
todos,solo_validos,Llama-70B,C-B,exactitud_balanceada,0.0,-0.083,0.065,44
todos,solo_validos,Llama-70B,C-B,f1,-0.078,-0.306,0.043,44
todos,solo_validos,Llama-70B,C-A,exactitud_balanceada,,,,44
todos,solo_validos,Llama-70B,C-A,f1,,,,44
kappa>=0.8,faltante_como_error,Gemma4,B-A,exactitud_balanceada,-0.001,-0.013,0.008,44
kappa>=0.8,faltante_como_error,Gemma4,B-A,f1,-0.0,-0.023,0.021,44
kappa>=0.8,faltante_como_error,Gemma4,C-B,exactitud_balanceada,-0.012,-0.047,0.009,44
kappa>=0.8,faltante_como_error,Gemma4,C-B,f1,-0.022,-0.109,0.029,44
kappa>=0.8,faltante_como_error,Gemma4,C-A,exactitud_balanceada,-0.014,-0.051,0.011,44
kappa>=0.8,faltante_como_error,Gemma4,C-A,f1,-0.022,-0.109,0.035,44
kappa>=0.8,faltante_como_error,Qwen,B-A,exactitud_balanceada,-0.041,-0.069,-0.014,44
kappa>=0.8,faltante_como_error,Qwen,B-A,f1,-0.057,-0.096,-0.022,44
kappa>=0.8,faltante_como_error,Qwen,C-B,exactitud_balanceada,-0.105,-0.202,-0.024,44
kappa>=0.8,faltante_como_error,Qwen,C-B,f1,-0.165,-0.305,-0.037,44
kappa>=0.8,faltante_como_error,Qwen,C-A,exactitud_balanceada,-0.146,-0.24,-0.066,44
kappa>=0.8,faltante_como_error,Qwen,C-A,f1,-0.222,-0.358,-0.092,44
kappa>=0.8,faltante_como_error,Llama-70B,B-A,exactitud_balanceada,0.14,0.098,0.18,44
kappa>=0.8,faltante_como_error,Llama-70B,B-A,f1,0.24,0.169,0.314,44
kappa>=0.8,faltante_como_error,Llama-70B,C-B,exactitud_balanceada,-0.111,-0.213,-0.025,44
kappa>=0.8,faltante_como_error,Llama-70B,C-B,f1,-0.187,-0.33,-0.051,44
kappa>=0.8,faltante_como_error,Llama-70B,C-A,exactitud_balanceada,0.029,-0.064,0.113,44
kappa>=0.8,faltante_como_error,Llama-70B,C-A,f1,0.053,-0.068,0.187,44
kappa>=0.8,solo_validos,Gemma4,B-A,exactitud_balanceada,-0.008,-0.023,0.005,44
kappa>=0.8,solo_validos,Gemma4,B-A,f1,-0.019,-0.058,0.015,44
kappa>=0.8,solo_validos,Gemma4,C-B,exactitud_balanceada,0.013,0.002,0.028,44
kappa>=0.8,solo_validos,Gemma4,C-B,f1,0.025,-0.004,0.063,44
kappa>=0.8,solo_validos,Gemma4,C-A,exactitud_balanceada,0.006,-0.004,0.016,44
kappa>=0.8,solo_validos,Gemma4,C-A,f1,0.006,-0.023,0.036,44
kappa>=0.8,solo_validos,Qwen,B-A,exactitud_balanceada,0.001,-0.018,0.022,44
kappa>=0.8,solo_validos,Qwen,B-A,f1,0.015,-0.032,0.069,44
kappa>=0.8,solo_validos,Qwen,C-B,exactitud_balanceada,0.0,-0.033,0.028,44
kappa>=0.8,solo_validos,Qwen,C-B,f1,0.021,-0.05,0.083,44
kappa>=0.8,solo_validos,Qwen,C-A,exactitud_balanceada,0.002,-0.027,0.023,44
kappa>=0.8,solo_validos,Qwen,C-A,f1,0.037,-0.012,0.09,44
kappa>=0.8,solo_validos,Llama-70B,B-A,exactitud_balanceada,,,,44
kappa>=0.8,solo_validos,Llama-70B,B-A,f1,,,,44
kappa>=0.8,solo_validos,Llama-70B,C-B,exactitud_balanceada,0.003,-0.062,0.049,44
kappa>=0.8,solo_validos,Llama-70B,C-B,f1,-0.008,-0.181,0.098,44
kappa>=0.8,solo_validos,Llama-70B,C-A,exactitud_balanceada,,,,44
kappa>=0.8,solo_validos,Llama-70B,C-A,f1,,,,44
0.6<=kappa<0.8,faltante_como_error,Gemma4,B-A,exactitud_balanceada,-0.007,-0.02,0.007,44
0.6<=kappa<0.8,faltante_como_error,Gemma4,B-A,f1,-0.055,-0.089,-0.02,44
0.6<=kappa<0.8,faltante_como_error,Gemma4,C-B,exactitud_balanceada,-0.038,-0.081,-0.003,44
0.6<=kappa<0.8,faltante_como_error,Gemma4,C-B,f1,-0.045,-0.144,0.03,44
0.6<=kappa<0.8,faltante_como_error,Gemma4,C-A,exactitud_balanceada,-0.045,-0.09,-0.009,44
0.6<=kappa<0.8,faltante_como_error,Gemma4,C-A,f1,-0.1,-0.215,-0.016,44
0.6<=kappa<0.8,faltante_como_error,Qwen,B-A,exactitud_balanceada,-0.025,-0.064,0.018,44
0.6<=kappa<0.8,faltante_como_error,Qwen,B-A,f1,-0.076,-0.128,-0.022,44
0.6<=kappa<0.8,faltante_como_error,Qwen,C-B,exactitud_balanceada,-0.1,-0.182,-0.032,44
0.6<=kappa<0.8,faltante_como_error,Qwen,C-B,f1,-0.168,-0.292,-0.032,44
0.6<=kappa<0.8,faltante_como_error,Qwen,C-A,exactitud_balanceada,-0.125,-0.208,-0.05,44
0.6<=kappa<0.8,faltante_como_error,Qwen,C-A,f1,-0.245,-0.369,-0.095,44
0.6<=kappa<0.8,faltante_como_error,Llama-70B,B-A,exactitud_balanceada,0.247,0.196,0.29,44
0.6<=kappa<0.8,faltante_como_error,Llama-70B,B-A,f1,0.35,0.273,0.417,44
0.6<=kappa<0.8,faltante_como_error,Llama-70B,C-B,exactitud_balanceada,-0.111,-0.216,-0.018,44
0.6<=kappa<0.8,faltante_como_error,Llama-70B,C-B,f1,-0.194,-0.329,-0.045,44
0.6<=kappa<0.8,faltante_como_error,Llama-70B,C-A,exactitud_balanceada,0.136,0.032,0.227,44
0.6<=kappa<0.8,faltante_como_error,Llama-70B,C-A,f1,0.155,0.035,0.296,44
0.6<=kappa<0.8,solo_validos,Gemma4,B-A,exactitud_balanceada,0.02,0.0,0.046,44
0.6<=kappa<0.8,solo_validos,Gemma4,B-A,f1,0.029,-0.02,0.083,44
0.6<=kappa<0.8,solo_validos,Gemma4,C-B,exactitud_balanceada,-0.042,-0.078,-0.007,44
0.6<=kappa<0.8,solo_validos,Gemma4,C-B,f1,-0.068,-0.146,0.011,44
0.6<=kappa<0.8,solo_validos,Gemma4,C-A,exactitud_balanceada,-0.021,-0.058,0.018,44
0.6<=kappa<0.8,solo_validos,Gemma4,C-A,f1,-0.038,-0.103,0.026,44
0.6<=kappa<0.8,solo_validos,Qwen,B-A,exactitud_balanceada,0.051,0.009,0.111,44
0.6<=kappa<0.8,solo_validos,Qwen,B-A,f1,0.085,-0.02,0.19,44
0.6<=kappa<0.8,solo_validos,Qwen,C-B,exactitud_balanceada,-0.034,-0.108,0.013,44
0.6<=kappa<0.8,solo_validos,Qwen,C-B,f1,-0.067,-0.199,0.069,44
0.6<=kappa<0.8,solo_validos,Qwen,C-A,exactitud_balanceada,0.017,-0.028,0.062,44
0.6<=kappa<0.8,solo_validos,Qwen,C-A,f1,0.018,-0.088,0.13,44
0.6<=kappa<0.8,solo_validos,Llama-70B,B-A,exactitud_balanceada,,,,44
0.6<=kappa<0.8,solo_validos,Llama-70B,B-A,f1,,,,44
0.6<=kappa<0.8,solo_validos,Llama-70B,C-B,exactitud_balanceada,-0.032,-0.277,0.099,44
0.6<=kappa<0.8,solo_validos,Llama-70B,C-B,f1,-0.131,-0.483,0.03,44
0.6<=kappa<0.8,solo_validos,Llama-70B,C-A,exactitud_balanceada,,,,44
0.6<=kappa<0.8,solo_validos,Llama-70B,C-A,f1,,,,44
kappa<0.6,faltante_como_error,Gemma4,B-A,exactitud_balanceada,-0.014,-0.026,-0.004,44
kappa<0.6,faltante_como_error,Gemma4,B-A,f1,-0.033,-0.062,-0.007,44
kappa<0.6,faltante_como_error,Gemma4,C-B,exactitud_balanceada,-0.04,-0.097,0.003,44
kappa<0.6,faltante_como_error,Gemma4,C-B,f1,-0.042,-0.152,0.039,44
kappa<0.6,faltante_como_error,Gemma4,C-A,exactitud_balanceada,-0.053,-0.113,-0.009,44
kappa<0.6,faltante_como_error,Gemma4,C-A,f1,-0.075,-0.191,0.012,44
kappa<0.6,faltante_como_error,Qwen,B-A,exactitud_balanceada,0.009,-0.015,0.035,44
kappa<0.6,faltante_como_error,Qwen,B-A,f1,-0.06,-0.1,-0.021,44
kappa<0.6,faltante_como_error,Qwen,C-B,exactitud_balanceada,-0.095,-0.176,-0.023,44
kappa<0.6,faltante_como_error,Qwen,C-B,f1,-0.147,-0.262,-0.019,44
kappa<0.6,faltante_como_error,Qwen,C-A,exactitud_balanceada,-0.086,-0.169,-0.015,44
kappa<0.6,faltante_como_error,Qwen,C-A,f1,-0.207,-0.327,-0.072,44
kappa<0.6,faltante_como_error,Llama-70B,B-A,exactitud_balanceada,0.285,0.228,0.341,44
kappa<0.6,faltante_como_error,Llama-70B,B-A,f1,0.304,0.235,0.373,44
kappa<0.6,faltante_como_error,Llama-70B,C-B,exactitud_balanceada,-0.137,-0.247,-0.042,44
kappa<0.6,faltante_como_error,Llama-70B,C-B,f1,-0.175,-0.289,-0.06,44
kappa<0.6,faltante_como_error,Llama-70B,C-A,exactitud_balanceada,0.148,0.046,0.242,44
kappa<0.6,faltante_como_error,Llama-70B,C-A,f1,0.129,0.036,0.236,44
kappa<0.6,solo_validos,Gemma4,B-A,exactitud_balanceada,-0.01,-0.039,0.025,44
kappa<0.6,solo_validos,Gemma4,B-A,f1,-0.051,-0.111,0.0,44
kappa<0.6,solo_validos,Gemma4,C-B,exactitud_balanceada,-0.006,-0.031,0.018,44
kappa<0.6,solo_validos,Gemma4,C-B,f1,0.051,-0.009,0.121,44
kappa<0.6,solo_validos,Gemma4,C-A,exactitud_balanceada,-0.015,-0.043,0.012,44
kappa<0.6,solo_validos,Gemma4,C-A,f1,0.0,-0.058,0.062,44
kappa<0.6,solo_validos,Qwen,B-A,exactitud_balanceada,0.008,-0.045,0.079,44
kappa<0.6,solo_validos,Qwen,B-A,f1,-0.092,-0.233,0.014,44
kappa<0.6,solo_validos,Qwen,C-B,exactitud_balanceada,0.018,-0.052,0.078,44
kappa<0.6,solo_validos,Qwen,C-B,f1,0.106,-0.015,0.256,44
kappa<0.6,solo_validos,Qwen,C-A,exactitud_balanceada,0.026,-0.009,0.06,44
kappa<0.6,solo_validos,Qwen,C-A,f1,0.014,-0.066,0.088,44
kappa<0.6,solo_validos,Llama-70B,B-A,exactitud_balanceada,,,,44
kappa<0.6,solo_validos,Llama-70B,B-A,f1,,,,44
kappa<0.6,solo_validos,Llama-70B,C-B,exactitud_balanceada,0.01,-0.078,0.097,44
kappa<0.6,solo_validos,Llama-70B,C-B,f1,-0.083,-0.392,0.092,44
kappa<0.6,solo_validos,Llama-70B,C-A,exactitud_balanceada,,,,44
kappa<0.6,solo_validos,Llama-70B,C-A,f1,,,,44
