Modelo,Estrategia,Tramo,kappa_humano_prom,kappa_loo_prom,n_campos
Gemma4,A,0.6<=kappa<0.8,0.706,0.684,28
Gemma4,A,kappa<0.6,0.402,0.458,33
Gemma4,A,kappa>=0.8,0.879,0.846,29
Gemma4,B,0.6<=kappa<0.8,0.706,0.656,28
Gemma4,B,kappa<0.6,0.402,0.436,33
Gemma4,B,kappa>=0.8,0.879,0.822,29
Gemma4,C,0.6<=kappa<0.8,0.706,0.656,28
Gemma4,C,kappa<0.6,0.402,0.431,33
Gemma4,C,kappa>=0.8,0.879,0.85,29
Llama-70B,A,0.6<=kappa<0.8,0.706,0.586,28
Llama-70B,A,kappa<0.6,0.402,0.449,33
Llama-70B,A,kappa>=0.8,0.879,0.804,29
Llama-70B,B,0.6<=kappa<0.8,0.706,0.573,28
Llama-70B,B,kappa<0.6,0.402,0.349,33
Llama-70B,B,kappa>=0.8,0.879,0.789,29
Llama-70B,C,0.6<=kappa<0.8,0.706,0.592,28
Llama-70B,C,kappa<0.6,0.402,0.355,33
Llama-70B,C,kappa>=0.8,0.879,0.804,29
Qwen,A,0.6<=kappa<0.8,0.706,0.621,28
Qwen,A,kappa<0.6,0.402,0.412,33
Qwen,A,kappa>=0.8,0.879,0.845,29
Qwen,B,0.6<=kappa<0.8,0.706,0.598,28
Qwen,B,kappa<0.6,0.402,0.427,33
Qwen,B,kappa>=0.8,0.879,0.864,29
Qwen,C,0.6<=kappa<0.8,0.706,0.62,28
Qwen,C,kappa<0.6,0.402,0.446,33
Qwen,C,kappa>=0.8,0.879,0.85,29
