Campo_especifico,Bloque,Tramo,Kappa_humano,Estrategia,Modelo,kappa_loo_promedio
antecedentes.alergias,antecedentes,kappa>=0.8,1.0,A,Gemma4,1.0
antecedentes.alergias,antecedentes,kappa>=0.8,1.0,B,Gemma4,1.0
antecedentes.alergias,antecedentes,kappa>=0.8,1.0,C,Gemma4,1.0
antecedentes.alergias,antecedentes,kappa>=0.8,1.0,A,Qwen,1.0
antecedentes.alergias,antecedentes,kappa>=0.8,1.0,B,Qwen,1.0
antecedentes.alergias,antecedentes,kappa>=0.8,1.0,C,Qwen,1.0
antecedentes.alergias,antecedentes,kappa>=0.8,1.0,A,Llama-70B,0.631
antecedentes.alergias,antecedentes,kappa>=0.8,1.0,B,Llama-70B,1.0
antecedentes.alergias,antecedentes,kappa>=0.8,1.0,C,Llama-70B,1.0
antecedentes.cardiovascular.arritmia_cronica,antecedentes,kappa>=0.8,0.833,A,Gemma4,0.863
antecedentes.cardiovascular.arritmia_cronica,antecedentes,kappa>=0.8,0.833,B,Gemma4,0.863
antecedentes.cardiovascular.arritmia_cronica,antecedentes,kappa>=0.8,0.833,C,Gemma4,0.889
antecedentes.cardiovascular.arritmia_cronica,antecedentes,kappa>=0.8,0.833,A,Qwen,0.863
antecedentes.cardiovascular.arritmia_cronica,antecedentes,kappa>=0.8,0.833,B,Qwen,0.863
antecedentes.cardiovascular.arritmia_cronica,antecedentes,kappa>=0.8,0.833,C,Qwen,0.848
antecedentes.cardiovascular.arritmia_cronica,antecedentes,kappa>=0.8,0.833,A,Llama-70B,0.863
antecedentes.cardiovascular.arritmia_cronica,antecedentes,kappa>=0.8,0.833,B,Llama-70B,0.867
antecedentes.cardiovascular.arritmia_cronica,antecedentes,kappa>=0.8,0.833,C,Llama-70B,0.905
antecedentes.cardiovascular.enfermedad_coronaria,antecedentes,0.6<=kappa<0.8,0.705,A,Gemma4,0.79
antecedentes.cardiovascular.enfermedad_coronaria,antecedentes,0.6<=kappa<0.8,0.705,B,Gemma4,0.79
antecedentes.cardiovascular.enfermedad_coronaria,antecedentes,0.6<=kappa<0.8,0.705,C,Gemma4,0.789
antecedentes.cardiovascular.enfermedad_coronaria,antecedentes,0.6<=kappa<0.8,0.705,A,Qwen,0.779
antecedentes.cardiovascular.enfermedad_coronaria,antecedentes,0.6<=kappa<0.8,0.705,B,Qwen,0.779
antecedentes.cardiovascular.enfermedad_coronaria,antecedentes,0.6<=kappa<0.8,0.705,C,Qwen,0.779
antecedentes.cardiovascular.enfermedad_coronaria,antecedentes,0.6<=kappa<0.8,0.705,A,Llama-70B,0.542
antecedentes.cardiovascular.enfermedad_coronaria,antecedentes,0.6<=kappa<0.8,0.705,B,Llama-70B,0.567
antecedentes.cardiovascular.enfermedad_coronaria,antecedentes,0.6<=kappa<0.8,0.705,C,Llama-70B,0.633
antecedentes.cardiovascular.hipertension_arterial,antecedentes,kappa>=0.8,0.875,A,Gemma4,0.852
antecedentes.cardiovascular.hipertension_arterial,antecedentes,kappa>=0.8,0.875,B,Gemma4,0.852
antecedentes.cardiovascular.hipertension_arterial,antecedentes,kappa>=0.8,0.875,C,Gemma4,0.932
antecedentes.cardiovascular.hipertension_arterial,antecedentes,kappa>=0.8,0.875,A,Qwen,0.933
antecedentes.cardiovascular.hipertension_arterial,antecedentes,kappa>=0.8,0.875,B,Qwen,0.894
antecedentes.cardiovascular.hipertension_arterial,antecedentes,kappa>=0.8,0.875,C,Qwen,0.928
antecedentes.cardiovascular.hipertension_arterial,antecedentes,kappa>=0.8,0.875,A,Llama-70B,0.933
antecedentes.cardiovascular.hipertension_arterial,antecedentes,kappa>=0.8,0.875,B,Llama-70B,0.933
antecedentes.cardiovascular.hipertension_arterial,antecedentes,kappa>=0.8,0.875,C,Llama-70B,0.882
antecedentes.cardiovascular.insuficiencia_cardiaca,antecedentes,kappa>=0.8,1.0,A,Gemma4,1.0
antecedentes.cardiovascular.insuficiencia_cardiaca,antecedentes,kappa>=0.8,1.0,B,Gemma4,1.0
antecedentes.cardiovascular.insuficiencia_cardiaca,antecedentes,kappa>=0.8,1.0,C,Gemma4,1.0
antecedentes.cardiovascular.insuficiencia_cardiaca,antecedentes,kappa>=0.8,1.0,A,Qwen,1.0
antecedentes.cardiovascular.insuficiencia_cardiaca,antecedentes,kappa>=0.8,1.0,B,Qwen,1.0
antecedentes.cardiovascular.insuficiencia_cardiaca,antecedentes,kappa>=0.8,1.0,C,Qwen,1.0
antecedentes.cardiovascular.insuficiencia_cardiaca,antecedentes,kappa>=0.8,1.0,A,Llama-70B,1.0
antecedentes.cardiovascular.insuficiencia_cardiaca,antecedentes,kappa>=0.8,1.0,B,Llama-70B,0.701
antecedentes.cardiovascular.insuficiencia_cardiaca,antecedentes,kappa>=0.8,1.0,C,Llama-70B,0.777
antecedentes.cardiovascular.valvulopatia_significativa,antecedentes,kappa<0.6,0.505,A,Gemma4,0.681
antecedentes.cardiovascular.valvulopatia_significativa,antecedentes,kappa<0.6,0.505,B,Gemma4,0.681
antecedentes.cardiovascular.valvulopatia_significativa,antecedentes,kappa<0.6,0.505,C,Gemma4,0.679
antecedentes.cardiovascular.valvulopatia_significativa,antecedentes,kappa<0.6,0.505,A,Qwen,0.433
antecedentes.cardiovascular.valvulopatia_significativa,antecedentes,kappa<0.6,0.505,B,Qwen,0.529
antecedentes.cardiovascular.valvulopatia_significativa,antecedentes,kappa<0.6,0.505,C,Qwen,0.681
antecedentes.cardiovascular.valvulopatia_significativa,antecedentes,kappa<0.6,0.505,A,Llama-70B,0.41
antecedentes.cardiovascular.valvulopatia_significativa,antecedentes,kappa<0.6,0.505,B,Llama-70B,0.41
antecedentes.cardiovascular.valvulopatia_significativa,antecedentes,kappa<0.6,0.505,C,Llama-70B,0.458
antecedentes.dependencia_funcional,antecedentes,kappa<0.6,0.535,A,Gemma4,0.578
antecedentes.dependencia_funcional,antecedentes,kappa<0.6,0.535,B,Gemma4,0.578
antecedentes.dependencia_funcional,antecedentes,kappa<0.6,0.535,C,Gemma4,0.705
antecedentes.dependencia_funcional,antecedentes,kappa<0.6,0.535,A,Qwen,0.706
antecedentes.dependencia_funcional,antecedentes,kappa<0.6,0.535,B,Qwen,0.578
antecedentes.dependencia_funcional,antecedentes,kappa<0.6,0.535,C,Qwen,0.583
antecedentes.dependencia_funcional,antecedentes,kappa<0.6,0.535,A,Llama-70B,0.547
antecedentes.dependencia_funcional,antecedentes,kappa<0.6,0.535,B,Llama-70B,0.706
antecedentes.dependencia_funcional,antecedentes,kappa<0.6,0.535,C,Llama-70B,0.706
antecedentes.habitos.alcohol,antecedentes,kappa>=0.8,0.874,A,Gemma4,0.89
antecedentes.habitos.alcohol,antecedentes,kappa>=0.8,0.874,B,Gemma4,0.89
antecedentes.habitos.alcohol,antecedentes,kappa>=0.8,0.874,C,Gemma4,0.889
antecedentes.habitos.alcohol,antecedentes,kappa>=0.8,0.874,A,Qwen,0.827
antecedentes.habitos.alcohol,antecedentes,kappa>=0.8,0.874,B,Qwen,0.878
antecedentes.habitos.alcohol,antecedentes,kappa>=0.8,0.874,C,Qwen,0.828
antecedentes.habitos.alcohol,antecedentes,kappa>=0.8,0.874,A,Llama-70B,0.711
antecedentes.habitos.alcohol,antecedentes,kappa>=0.8,0.874,B,Llama-70B,0.842
antecedentes.habitos.alcohol,antecedentes,kappa>=0.8,0.874,C,Llama-70B,0.874
antecedentes.habitos.alcohol.carga,antecedentes,kappa<0.6,0.522,A,Gemma4,0.551
antecedentes.habitos.alcohol.carga,antecedentes,kappa<0.6,0.522,B,Gemma4,0.345
antecedentes.habitos.alcohol.carga,antecedentes,kappa<0.6,0.522,C,Gemma4,0.23
antecedentes.habitos.alcohol.carga,antecedentes,kappa<0.6,0.522,A,Qwen,0.499
antecedentes.habitos.alcohol.carga,antecedentes,kappa<0.6,0.522,B,Qwen,0.451
antecedentes.habitos.alcohol.carga,antecedentes,kappa<0.6,0.522,C,Qwen,0.509
antecedentes.habitos.alcohol.carga,antecedentes,kappa<0.6,0.522,A,Llama-70B,0.605
antecedentes.habitos.alcohol.carga,antecedentes,kappa<0.6,0.522,B,Llama-70B,0.864
antecedentes.habitos.alcohol.carga,antecedentes,kappa<0.6,0.522,C,Llama-70B,0.5
antecedentes.habitos.otras_sustancias,antecedentes,kappa>=0.8,1.0,A,Gemma4,1.0
antecedentes.habitos.otras_sustancias,antecedentes,kappa>=0.8,1.0,B,Gemma4,1.0
antecedentes.habitos.otras_sustancias,antecedentes,kappa>=0.8,1.0,C,Gemma4,1.0
antecedentes.habitos.otras_sustancias,antecedentes,kappa>=0.8,1.0,A,Qwen,1.0
antecedentes.habitos.otras_sustancias,antecedentes,kappa>=0.8,1.0,B,Qwen,1.0
antecedentes.habitos.otras_sustancias,antecedentes,kappa>=0.8,1.0,C,Qwen,1.0
antecedentes.habitos.otras_sustancias,antecedentes,kappa>=0.8,1.0,A,Llama-70B,1.0
antecedentes.habitos.otras_sustancias,antecedentes,kappa>=0.8,1.0,B,Llama-70B,1.0
antecedentes.habitos.otras_sustancias,antecedentes,kappa>=0.8,1.0,C,Llama-70B,0.874
antecedentes.habitos.tabaquismo,antecedentes,0.6<=kappa<0.8,0.716,A,Gemma4,0.842
antecedentes.habitos.tabaquismo,antecedentes,0.6<=kappa<0.8,0.716,B,Gemma4,0.842
antecedentes.habitos.tabaquismo,antecedentes,0.6<=kappa<0.8,0.716,C,Gemma4,0.841
antecedentes.habitos.tabaquismo,antecedentes,0.6<=kappa<0.8,0.716,A,Qwen,0.783
antecedentes.habitos.tabaquismo,antecedentes,0.6<=kappa<0.8,0.716,B,Qwen,0.842
antecedentes.habitos.tabaquismo,antecedentes,0.6<=kappa<0.8,0.716,C,Qwen,0.833
antecedentes.habitos.tabaquismo,antecedentes,0.6<=kappa<0.8,0.716,A,Llama-70B,0.728
antecedentes.habitos.tabaquismo,antecedentes,0.6<=kappa<0.8,0.716,B,Llama-70B,0.694
antecedentes.habitos.tabaquismo,antecedentes,0.6<=kappa<0.8,0.716,C,Llama-70B,0.628
antecedentes.hepatico_digestivo.cirrosis,antecedentes,0.6<=kappa<0.8,0.793,A,Gemma4,0.799
antecedentes.hepatico_digestivo.cirrosis,antecedentes,0.6<=kappa<0.8,0.793,B,Gemma4,0.809
antecedentes.hepatico_digestivo.cirrosis,antecedentes,0.6<=kappa<0.8,0.793,C,Gemma4,0.836
antecedentes.hepatico_digestivo.cirrosis,antecedentes,0.6<=kappa<0.8,0.793,A,Qwen,0.809
antecedentes.hepatico_digestivo.cirrosis,antecedentes,0.6<=kappa<0.8,0.793,B,Qwen,0.809
antecedentes.hepatico_digestivo.cirrosis,antecedentes,0.6<=kappa<0.8,0.793,C,Qwen,0.844
antecedentes.hepatico_digestivo.cirrosis,antecedentes,0.6<=kappa<0.8,0.793,A,Llama-70B,0.809
antecedentes.hepatico_digestivo.cirrosis,antecedentes,0.6<=kappa<0.8,0.793,B,Llama-70B,0.809
antecedentes.hepatico_digestivo.cirrosis,antecedentes,0.6<=kappa<0.8,0.793,C,Llama-70B,0.679
antecedentes.hepatico_digestivo.cirrosis.complicada,antecedentes,0.6<=kappa<0.8,0.632,A,Gemma4,0.736
antecedentes.hepatico_digestivo.cirrosis.complicada,antecedentes,0.6<=kappa<0.8,0.632,B,Gemma4,0.67
antecedentes.hepatico_digestivo.cirrosis.complicada,antecedentes,0.6<=kappa<0.8,0.632,C,Gemma4,0.729
antecedentes.hepatico_digestivo.cirrosis.complicada,antecedentes,0.6<=kappa<0.8,0.632,A,Qwen,0.61
antecedentes.hepatico_digestivo.cirrosis.complicada,antecedentes,0.6<=kappa<0.8,0.632,B,Qwen,0.672
antecedentes.hepatico_digestivo.cirrosis.complicada,antecedentes,0.6<=kappa<0.8,0.632,C,Qwen,0.789
antecedentes.hepatico_digestivo.cirrosis.complicada,antecedentes,0.6<=kappa<0.8,0.632,A,Llama-70B,0.722
antecedentes.hepatico_digestivo.cirrosis.complicada,antecedentes,0.6<=kappa<0.8,0.632,B,Llama-70B,0.592
antecedentes.hepatico_digestivo.cirrosis.complicada,antecedentes,0.6<=kappa<0.8,0.632,C,Llama-70B,0.62
antecedentes.hepatico_digestivo.otra_hepatica_digestiva,antecedentes,0.6<=kappa<0.8,0.649,A,Gemma4,0.639
antecedentes.hepatico_digestivo.otra_hepatica_digestiva,antecedentes,0.6<=kappa<0.8,0.649,B,Gemma4,0.495
antecedentes.hepatico_digestivo.otra_hepatica_digestiva,antecedentes,0.6<=kappa<0.8,0.649,C,Gemma4,0.502
antecedentes.hepatico_digestivo.otra_hepatica_digestiva,antecedentes,0.6<=kappa<0.8,0.649,A,Qwen,0.174
antecedentes.hepatico_digestivo.otra_hepatica_digestiva,antecedentes,0.6<=kappa<0.8,0.649,B,Qwen,0.462
antecedentes.hepatico_digestivo.otra_hepatica_digestiva,antecedentes,0.6<=kappa<0.8,0.649,C,Qwen,0.447
antecedentes.hepatico_digestivo.otra_hepatica_digestiva,antecedentes,0.6<=kappa<0.8,0.649,A,Llama-70B,0.2
antecedentes.hepatico_digestivo.otra_hepatica_digestiva,antecedentes,0.6<=kappa<0.8,0.649,B,Llama-70B,0.317
antecedentes.hepatico_digestivo.otra_hepatica_digestiva,antecedentes,0.6<=kappa<0.8,0.649,C,Llama-70B,0.398
antecedentes.hepatico_digestivo.trasplante_hepatico,antecedentes,0.6<=kappa<0.8,0.663,A,Gemma4,0.788
antecedentes.hepatico_digestivo.trasplante_hepatico,antecedentes,0.6<=kappa<0.8,0.663,B,Gemma4,0.788
antecedentes.hepatico_digestivo.trasplante_hepatico,antecedentes,0.6<=kappa<0.8,0.663,C,Gemma4,0.738
antecedentes.hepatico_digestivo.trasplante_hepatico,antecedentes,0.6<=kappa<0.8,0.663,A,Qwen,0.825
antecedentes.hepatico_digestivo.trasplante_hepatico,antecedentes,0.6<=kappa<0.8,0.663,B,Qwen,0.651
antecedentes.hepatico_digestivo.trasplante_hepatico,antecedentes,0.6<=kappa<0.8,0.663,C,Qwen,0.834
antecedentes.hepatico_digestivo.trasplante_hepatico,antecedentes,0.6<=kappa<0.8,0.663,A,Llama-70B,0.805
antecedentes.hepatico_digestivo.trasplante_hepatico,antecedentes,0.6<=kappa<0.8,0.663,B,Llama-70B,0.73
antecedentes.hepatico_digestivo.trasplante_hepatico,antecedentes,0.6<=kappa<0.8,0.663,C,Llama-70B,0.705
antecedentes.inmunologico_reumatologico.autoinmune_tratamiento,antecedentes,0.6<=kappa<0.8,0.74,A,Gemma4,0.455
antecedentes.inmunologico_reumatologico.autoinmune_tratamiento,antecedentes,0.6<=kappa<0.8,0.74,B,Gemma4,0.455
antecedentes.inmunologico_reumatologico.autoinmune_tratamiento,antecedentes,0.6<=kappa<0.8,0.74,C,Gemma4,0.597
antecedentes.inmunologico_reumatologico.autoinmune_tratamiento,antecedentes,0.6<=kappa<0.8,0.74,A,Qwen,0.817
antecedentes.inmunologico_reumatologico.autoinmune_tratamiento,antecedentes,0.6<=kappa<0.8,0.74,B,Qwen,0.458
antecedentes.inmunologico_reumatologico.autoinmune_tratamiento,antecedentes,0.6<=kappa<0.8,0.74,C,Qwen,0.599
antecedentes.inmunologico_reumatologico.autoinmune_tratamiento,antecedentes,0.6<=kappa<0.8,0.74,A,Llama-70B,0.817
antecedentes.inmunologico_reumatologico.autoinmune_tratamiento,antecedentes,0.6<=kappa<0.8,0.74,B,Llama-70B,0.817
antecedentes.inmunologico_reumatologico.autoinmune_tratamiento,antecedentes,0.6<=kappa<0.8,0.74,C,Llama-70B,0.192
antecedentes.metabolico_endocrino.diabetes_mellitus,antecedentes,kappa>=0.8,0.898,A,Gemma4,0.958
antecedentes.metabolico_endocrino.diabetes_mellitus,antecedentes,kappa>=0.8,0.898,B,Gemma4,0.958
antecedentes.metabolico_endocrino.diabetes_mellitus,antecedentes,kappa>=0.8,0.898,C,Gemma4,0.957
antecedentes.metabolico_endocrino.diabetes_mellitus,antecedentes,kappa>=0.8,0.898,A,Qwen,0.958
antecedentes.metabolico_endocrino.diabetes_mellitus,antecedentes,kappa>=0.8,0.898,B,Qwen,0.958
antecedentes.metabolico_endocrino.diabetes_mellitus,antecedentes,kappa>=0.8,0.898,C,Qwen,0.954
antecedentes.metabolico_endocrino.diabetes_mellitus,antecedentes,kappa>=0.8,0.898,A,Llama-70B,0.958
antecedentes.metabolico_endocrino.diabetes_mellitus,antecedentes,kappa>=0.8,0.898,B,Llama-70B,0.958
antecedentes.metabolico_endocrino.diabetes_mellitus,antecedentes,kappa>=0.8,0.898,C,Llama-70B,0.908
antecedentes.metabolico_endocrino.diabetes_mellitus.complicada,antecedentes,0.6<=kappa<0.8,0.769,A,Gemma4,0.823
antecedentes.metabolico_endocrino.diabetes_mellitus.complicada,antecedentes,0.6<=kappa<0.8,0.769,B,Gemma4,0.6
antecedentes.metabolico_endocrino.diabetes_mellitus.complicada,antecedentes,0.6<=kappa<0.8,0.769,C,Gemma4,0.546
antecedentes.metabolico_endocrino.diabetes_mellitus.complicada,antecedentes,0.6<=kappa<0.8,0.769,A,Qwen,0.743
antecedentes.metabolico_endocrino.diabetes_mellitus.complicada,antecedentes,0.6<=kappa<0.8,0.769,B,Qwen,0.647
antecedentes.metabolico_endocrino.diabetes_mellitus.complicada,antecedentes,0.6<=kappa<0.8,0.769,C,Qwen,0.776
antecedentes.metabolico_endocrino.diabetes_mellitus.complicada,antecedentes,0.6<=kappa<0.8,0.769,A,Llama-70B,0.799
antecedentes.metabolico_endocrino.diabetes_mellitus.complicada,antecedentes,0.6<=kappa<0.8,0.769,B,Llama-70B,0.845
antecedentes.metabolico_endocrino.diabetes_mellitus.complicada,antecedentes,0.6<=kappa<0.8,0.769,C,Llama-70B,0.744
antecedentes.metabolico_endocrino.diabetes_mellitus.no_especificada,antecedentes,kappa<0.6,0.211,A,Gemma4,0.629
antecedentes.metabolico_endocrino.diabetes_mellitus.no_especificada,antecedentes,kappa<0.6,0.211,B,Gemma4,0.629
antecedentes.metabolico_endocrino.diabetes_mellitus.no_especificada,antecedentes,kappa<0.6,0.211,C,Gemma4,0.627
antecedentes.metabolico_endocrino.diabetes_mellitus.no_especificada,antecedentes,kappa<0.6,0.211,A,Qwen,0.428
antecedentes.metabolico_endocrino.diabetes_mellitus.no_especificada,antecedentes,kappa<0.6,0.211,B,Qwen,0.365
antecedentes.metabolico_endocrino.diabetes_mellitus.no_especificada,antecedentes,kappa<0.6,0.211,C,Qwen,0.629
antecedentes.metabolico_endocrino.diabetes_mellitus.no_especificada,antecedentes,kappa<0.6,0.211,A,Llama-70B,0.204
antecedentes.metabolico_endocrino.diabetes_mellitus.no_especificada,antecedentes,kappa<0.6,0.211,B,Llama-70B,0.171
antecedentes.metabolico_endocrino.diabetes_mellitus.no_especificada,antecedentes,kappa<0.6,0.211,C,Llama-70B,0.246
antecedentes.metabolico_endocrino.diabetes_mellitus.tipo_2,antecedentes,kappa>=0.8,0.925,A,Gemma4,0.919
antecedentes.metabolico_endocrino.diabetes_mellitus.tipo_2,antecedentes,kappa>=0.8,0.925,B,Gemma4,0.919
antecedentes.metabolico_endocrino.diabetes_mellitus.tipo_2,antecedentes,kappa>=0.8,0.925,C,Gemma4,0.918
antecedentes.metabolico_endocrino.diabetes_mellitus.tipo_2,antecedentes,kappa>=0.8,0.925,A,Qwen,0.907
antecedentes.metabolico_endocrino.diabetes_mellitus.tipo_2,antecedentes,kappa>=0.8,0.925,B,Qwen,0.861
antecedentes.metabolico_endocrino.diabetes_mellitus.tipo_2,antecedentes,kappa>=0.8,0.925,C,Qwen,0.914
antecedentes.metabolico_endocrino.diabetes_mellitus.tipo_2,antecedentes,kappa>=0.8,0.925,A,Llama-70B,0.777
antecedentes.metabolico_endocrino.diabetes_mellitus.tipo_2,antecedentes,kappa>=0.8,0.925,B,Llama-70B,0.859
antecedentes.metabolico_endocrino.diabetes_mellitus.tipo_2,antecedentes,kappa>=0.8,0.925,C,Llama-70B,0.849
antecedentes.metabolico_endocrino.dislipidemia,antecedentes,0.6<=kappa<0.8,0.768,A,Gemma4,0.815
antecedentes.metabolico_endocrino.dislipidemia,antecedentes,0.6<=kappa<0.8,0.768,B,Gemma4,0.624
antecedentes.metabolico_endocrino.dislipidemia,antecedentes,0.6<=kappa<0.8,0.768,C,Gemma4,0.622
antecedentes.metabolico_endocrino.dislipidemia,antecedentes,0.6<=kappa<0.8,0.768,A,Qwen,0.686
antecedentes.metabolico_endocrino.dislipidemia,antecedentes,0.6<=kappa<0.8,0.768,B,Qwen,0.571
antecedentes.metabolico_endocrino.dislipidemia,antecedentes,0.6<=kappa<0.8,0.768,C,Qwen,0.685
antecedentes.metabolico_endocrino.dislipidemia,antecedentes,0.6<=kappa<0.8,0.768,A,Llama-70B,0.815
antecedentes.metabolico_endocrino.dislipidemia,antecedentes,0.6<=kappa<0.8,0.768,B,Llama-70B,0.815
antecedentes.metabolico_endocrino.dislipidemia,antecedentes,0.6<=kappa<0.8,0.768,C,Llama-70B,0.687
antecedentes.metabolico_endocrino.hipotiroidismo,antecedentes,kappa>=0.8,0.846,A,Gemma4,0.944
antecedentes.metabolico_endocrino.hipotiroidismo,antecedentes,kappa>=0.8,0.846,B,Gemma4,0.944
antecedentes.metabolico_endocrino.hipotiroidismo,antecedentes,kappa>=0.8,0.846,C,Gemma4,0.943
antecedentes.metabolico_endocrino.hipotiroidismo,antecedentes,kappa>=0.8,0.846,A,Qwen,0.944
antecedentes.metabolico_endocrino.hipotiroidismo,antecedentes,kappa>=0.8,0.846,B,Qwen,0.944
antecedentes.metabolico_endocrino.hipotiroidismo,antecedentes,kappa>=0.8,0.846,C,Qwen,0.943
antecedentes.metabolico_endocrino.hipotiroidismo,antecedentes,kappa>=0.8,0.846,A,Llama-70B,0.813
antecedentes.metabolico_endocrino.hipotiroidismo,antecedentes,kappa>=0.8,0.846,B,Llama-70B,0.944
antecedentes.metabolico_endocrino.hipotiroidismo,antecedentes,kappa>=0.8,0.846,C,Llama-70B,0.926
antecedentes.metabolico_endocrino.obesidad,antecedentes,kappa>=0.8,1.0,A,Gemma4,0.843
antecedentes.metabolico_endocrino.obesidad,antecedentes,kappa>=0.8,1.0,B,Gemma4,0.843
antecedentes.metabolico_endocrino.obesidad,antecedentes,kappa>=0.8,1.0,C,Gemma4,0.842
antecedentes.metabolico_endocrino.obesidad,antecedentes,kappa>=0.8,1.0,A,Qwen,1.0
antecedentes.metabolico_endocrino.obesidad,antecedentes,kappa>=0.8,1.0,B,Qwen,0.843
antecedentes.metabolico_endocrino.obesidad,antecedentes,kappa>=0.8,1.0,C,Qwen,0.824
antecedentes.metabolico_endocrino.obesidad,antecedentes,kappa>=0.8,1.0,A,Llama-70B,0.843
antecedentes.metabolico_endocrino.obesidad,antecedentes,kappa>=0.8,1.0,B,Llama-70B,0.843
antecedentes.metabolico_endocrino.obesidad,antecedentes,kappa>=0.8,1.0,C,Llama-70B,1.0
antecedentes.metabolico_endocrino.otra_metabolica_endocrina,antecedentes,kappa>=0.8,0.861,A,Gemma4,0.949
antecedentes.metabolico_endocrino.otra_metabolica_endocrina,antecedentes,kappa>=0.8,0.861,B,Gemma4,0.233
antecedentes.metabolico_endocrino.otra_metabolica_endocrina,antecedentes,kappa>=0.8,0.861,C,Gemma4,0.696
antecedentes.metabolico_endocrino.otra_metabolica_endocrina,antecedentes,kappa>=0.8,0.861,A,Qwen,0.81
antecedentes.metabolico_endocrino.otra_metabolica_endocrina,antecedentes,kappa>=0.8,0.861,B,Qwen,0.81
antecedentes.metabolico_endocrino.otra_metabolica_endocrina,antecedentes,kappa>=0.8,0.861,C,Qwen,0.715
antecedentes.metabolico_endocrino.otra_metabolica_endocrina,antecedentes,kappa>=0.8,0.861,A,Llama-70B,0.354
antecedentes.metabolico_endocrino.otra_metabolica_endocrina,antecedentes,kappa>=0.8,0.861,B,Llama-70B,0.354
antecedentes.metabolico_endocrino.otra_metabolica_endocrina,antecedentes,kappa>=0.8,0.861,C,Llama-70B,0.645
antecedentes.neurologico.otra_neurologica,antecedentes,kappa>=0.8,0.846,A,Gemma4,0.517
antecedentes.neurologico.otra_neurologica,antecedentes,kappa>=0.8,0.846,B,Gemma4,0.529
antecedentes.neurologico.otra_neurologica,antecedentes,kappa>=0.8,0.846,C,Gemma4,0.662
antecedentes.neurologico.otra_neurologica,antecedentes,kappa>=0.8,0.846,A,Qwen,0.776
antecedentes.neurologico.otra_neurologica,antecedentes,kappa>=0.8,0.846,B,Qwen,0.776
antecedentes.neurologico.otra_neurologica,antecedentes,kappa>=0.8,0.846,C,Qwen,0.239
antecedentes.neurologico.otra_neurologica,antecedentes,kappa>=0.8,0.846,A,Llama-70B,0.464
antecedentes.neurologico.otra_neurologica,antecedentes,kappa>=0.8,0.846,B,Llama-70B,0.305
antecedentes.neurologico.otra_neurologica,antecedentes,kappa>=0.8,0.846,C,Llama-70B,0.299
antecedentes.oncologico_hematologico.neoplasia_solida_activa,antecedentes,kappa<0.6,0.396,A,Gemma4,0.42
antecedentes.oncologico_hematologico.neoplasia_solida_activa,antecedentes,kappa<0.6,0.396,B,Gemma4,0.42
antecedentes.oncologico_hematologico.neoplasia_solida_activa,antecedentes,kappa<0.6,0.396,C,Gemma4,0.443
antecedentes.oncologico_hematologico.neoplasia_solida_activa,antecedentes,kappa<0.6,0.396,A,Qwen,0.502
antecedentes.oncologico_hematologico.neoplasia_solida_activa,antecedentes,kappa<0.6,0.396,B,Qwen,0.55
antecedentes.oncologico_hematologico.neoplasia_solida_activa,antecedentes,kappa<0.6,0.396,C,Qwen,0.583
antecedentes.oncologico_hematologico.neoplasia_solida_activa,antecedentes,kappa<0.6,0.396,A,Llama-70B,0.423
antecedentes.oncologico_hematologico.neoplasia_solida_activa,antecedentes,kappa<0.6,0.396,B,Llama-70B,0.499
antecedentes.oncologico_hematologico.neoplasia_solida_activa,antecedentes,kappa<0.6,0.396,C,Llama-70B,0.413
antecedentes.oncologico_hematologico.otra_oncologica_hematologica,antecedentes,0.6<=kappa<0.8,0.69,A,Gemma4,0.202
antecedentes.oncologico_hematologico.otra_oncologica_hematologica,antecedentes,0.6<=kappa<0.8,0.69,B,Gemma4,0.361
antecedentes.oncologico_hematologico.otra_oncologica_hematologica,antecedentes,0.6<=kappa<0.8,0.69,C,Gemma4,0.198
antecedentes.oncologico_hematologico.otra_oncologica_hematologica,antecedentes,0.6<=kappa<0.8,0.69,A,Qwen,0.202
antecedentes.oncologico_hematologico.otra_oncologica_hematologica,antecedentes,0.6<=kappa<0.8,0.69,B,Qwen,0.202
antecedentes.oncologico_hematologico.otra_oncologica_hematologica,antecedentes,0.6<=kappa<0.8,0.69,C,Qwen,0.201
antecedentes.oncologico_hematologico.otra_oncologica_hematologica,antecedentes,0.6<=kappa<0.8,0.69,A,Llama-70B,0.202
antecedentes.oncologico_hematologico.otra_oncologica_hematologica,antecedentes,0.6<=kappa<0.8,0.69,B,Llama-70B,0.202
antecedentes.oncologico_hematologico.otra_oncologica_hematologica,antecedentes,0.6<=kappa<0.8,0.69,C,Llama-70B,0.355
antecedentes.otro_antecedente_medico,antecedentes,0.6<=kappa<0.8,0.624,A,Gemma4,0.738
antecedentes.otro_antecedente_medico,antecedentes,0.6<=kappa<0.8,0.624,B,Gemma4,0.338
antecedentes.otro_antecedente_medico,antecedentes,0.6<=kappa<0.8,0.624,C,Gemma4,0.215
antecedentes.otro_antecedente_medico,antecedentes,0.6<=kappa<0.8,0.624,A,Qwen,0.156
antecedentes.otro_antecedente_medico,antecedentes,0.6<=kappa<0.8,0.624,B,Qwen,0.173
antecedentes.otro_antecedente_medico,antecedentes,0.6<=kappa<0.8,0.624,C,Qwen,0.337
antecedentes.otro_antecedente_medico,antecedentes,0.6<=kappa<0.8,0.624,A,Llama-70B,0.162
antecedentes.otro_antecedente_medico,antecedentes,0.6<=kappa<0.8,0.624,B,Llama-70B,-0.102
antecedentes.otro_antecedente_medico,antecedentes,0.6<=kappa<0.8,0.624,C,Llama-70B,0.12
antecedentes.psiquiatrico.uso_cronico_psicofarmacos,antecedentes,kappa<0.6,0.466,A,Gemma4,0.311
antecedentes.psiquiatrico.uso_cronico_psicofarmacos,antecedentes,kappa<0.6,0.466,B,Gemma4,0.384
antecedentes.psiquiatrico.uso_cronico_psicofarmacos,antecedentes,kappa<0.6,0.466,C,Gemma4,0.33
antecedentes.psiquiatrico.uso_cronico_psicofarmacos,antecedentes,kappa<0.6,0.466,A,Qwen,0.405
antecedentes.psiquiatrico.uso_cronico_psicofarmacos,antecedentes,kappa<0.6,0.466,B,Qwen,0.495
antecedentes.psiquiatrico.uso_cronico_psicofarmacos,antecedentes,kappa<0.6,0.466,C,Qwen,0.406
antecedentes.psiquiatrico.uso_cronico_psicofarmacos,antecedentes,kappa<0.6,0.466,A,Llama-70B,0.455
antecedentes.psiquiatrico.uso_cronico_psicofarmacos,antecedentes,kappa<0.6,0.466,B,Llama-70B,0.372
antecedentes.psiquiatrico.uso_cronico_psicofarmacos,antecedentes,kappa<0.6,0.466,C,Llama-70B,0.295
antecedentes.pulmonar.otra_respiratoria,antecedentes,kappa<0.6,0.588,A,Gemma4,0.629
antecedentes.pulmonar.otra_respiratoria,antecedentes,kappa<0.6,0.588,B,Gemma4,0.629
antecedentes.pulmonar.otra_respiratoria,antecedentes,kappa<0.6,0.588,C,Gemma4,0.363
antecedentes.pulmonar.otra_respiratoria,antecedentes,kappa<0.6,0.588,A,Qwen,0.259
antecedentes.pulmonar.otra_respiratoria,antecedentes,kappa<0.6,0.588,B,Qwen,0.259
antecedentes.pulmonar.otra_respiratoria,antecedentes,kappa<0.6,0.588,C,Qwen,0.474
antecedentes.pulmonar.otra_respiratoria,antecedentes,kappa<0.6,0.588,A,Llama-70B,0.259
antecedentes.pulmonar.otra_respiratoria,antecedentes,kappa<0.6,0.588,B,Llama-70B,0.366
antecedentes.pulmonar.otra_respiratoria,antecedentes,kappa<0.6,0.588,C,Llama-70B,0.389
antecedentes.quirurgicos,antecedentes,kappa<0.6,0.571,A,Gemma4,0.755
antecedentes.quirurgicos,antecedentes,kappa<0.6,0.571,B,Gemma4,0.755
antecedentes.quirurgicos,antecedentes,kappa<0.6,0.571,C,Gemma4,0.699
antecedentes.quirurgicos,antecedentes,kappa<0.6,0.571,A,Qwen,0.685
antecedentes.quirurgicos,antecedentes,kappa<0.6,0.571,B,Qwen,0.685
antecedentes.quirurgicos,antecedentes,kappa<0.6,0.571,C,Qwen,0.669
antecedentes.quirurgicos,antecedentes,kappa<0.6,0.571,A,Llama-70B,0.694
antecedentes.quirurgicos,antecedentes,kappa<0.6,0.571,B,Llama-70B,0.685
antecedentes.quirurgicos,antecedentes,kappa<0.6,0.571,C,Llama-70B,0.781
antecedentes.renal.enfermedad_renal_cronica,antecedentes,kappa>=0.8,0.864,A,Gemma4,0.947
antecedentes.renal.enfermedad_renal_cronica,antecedentes,kappa>=0.8,0.864,B,Gemma4,0.893
antecedentes.renal.enfermedad_renal_cronica,antecedentes,kappa>=0.8,0.864,C,Gemma4,0.79
antecedentes.renal.enfermedad_renal_cronica,antecedentes,kappa>=0.8,0.864,A,Qwen,0.743
antecedentes.renal.enfermedad_renal_cronica,antecedentes,kappa>=0.8,0.864,B,Qwen,0.89
antecedentes.renal.enfermedad_renal_cronica,antecedentes,kappa>=0.8,0.864,C,Qwen,0.776
antecedentes.renal.enfermedad_renal_cronica,antecedentes,kappa>=0.8,0.864,A,Llama-70B,0.947
antecedentes.renal.enfermedad_renal_cronica,antecedentes,kappa>=0.8,0.864,B,Llama-70B,0.947
antecedentes.renal.enfermedad_renal_cronica,antecedentes,kappa>=0.8,0.864,C,Llama-70B,0.943
antecedentes.renal.otra_renal,antecedentes,kappa<0.6,0.522,A,Gemma4,0.522
antecedentes.renal.otra_renal,antecedentes,kappa<0.6,0.522,B,Gemma4,0.312
antecedentes.renal.otra_renal,antecedentes,kappa<0.6,0.522,C,Gemma4,0.487
antecedentes.renal.otra_renal,antecedentes,kappa<0.6,0.522,A,Qwen,0.412
antecedentes.renal.otra_renal,antecedentes,kappa<0.6,0.522,B,Qwen,0.412
antecedentes.renal.otra_renal,antecedentes,kappa<0.6,0.522,C,Qwen,0.795
antecedentes.renal.otra_renal,antecedentes,kappa<0.6,0.522,A,Llama-70B,0.522
antecedentes.renal.otra_renal,antecedentes,kappa<0.6,0.522,B,Llama-70B,0.522
antecedentes.renal.otra_renal,antecedentes,kappa<0.6,0.522,C,Llama-70B,0.408
complicaciones.debilidad_adquirida,complicaciones,kappa<0.6,0.535,A,Gemma4,0.366
complicaciones.debilidad_adquirida,complicaciones,kappa<0.6,0.535,B,Gemma4,0.52
complicaciones.debilidad_adquirida,complicaciones,kappa<0.6,0.535,C,Gemma4,0.505
complicaciones.debilidad_adquirida,complicaciones,kappa<0.6,0.535,A,Qwen,0.369
complicaciones.debilidad_adquirida,complicaciones,kappa<0.6,0.535,B,Qwen,0.52
complicaciones.debilidad_adquirida,complicaciones,kappa<0.6,0.535,C,Qwen,0.592
complicaciones.debilidad_adquirida,complicaciones,kappa<0.6,0.535,A,Llama-70B,0.411
complicaciones.debilidad_adquirida,complicaciones,kappa<0.6,0.535,B,Llama-70B,0.185
complicaciones.debilidad_adquirida,complicaciones,kappa<0.6,0.535,C,Llama-70B,0.147
complicaciones.delirium,complicaciones,0.6<=kappa<0.8,0.788,A,Gemma4,0.724
complicaciones.delirium,complicaciones,0.6<=kappa<0.8,0.788,B,Gemma4,0.724
complicaciones.delirium,complicaciones,0.6<=kappa<0.8,0.788,C,Gemma4,0.591
complicaciones.delirium,complicaciones,0.6<=kappa<0.8,0.788,A,Qwen,0.73
complicaciones.delirium,complicaciones,0.6<=kappa<0.8,0.788,B,Qwen,0.321
complicaciones.delirium,complicaciones,0.6<=kappa<0.8,0.788,C,Qwen,0.465
complicaciones.delirium,complicaciones,0.6<=kappa<0.8,0.788,A,Llama-70B,0.631
complicaciones.delirium,complicaciones,0.6<=kappa<0.8,0.788,B,Llama-70B,0.211
complicaciones.delirium,complicaciones,0.6<=kappa<0.8,0.788,C,Llama-70B,0.354
complicaciones.lesiones_presion,complicaciones,0.6<=kappa<0.8,0.601,A,Gemma4,0.723
complicaciones.lesiones_presion,complicaciones,0.6<=kappa<0.8,0.601,B,Gemma4,0.723
complicaciones.lesiones_presion,complicaciones,0.6<=kappa<0.8,0.601,C,Gemma4,0.483
complicaciones.lesiones_presion,complicaciones,0.6<=kappa<0.8,0.601,A,Qwen,0.723
complicaciones.lesiones_presion,complicaciones,0.6<=kappa<0.8,0.601,B,Qwen,0.723
complicaciones.lesiones_presion,complicaciones,0.6<=kappa<0.8,0.601,C,Qwen,0.723
complicaciones.lesiones_presion,complicaciones,0.6<=kappa<0.8,0.601,A,Llama-70B,0.486
complicaciones.lesiones_presion,complicaciones,0.6<=kappa<0.8,0.601,B,Llama-70B,0.723
complicaciones.lesiones_presion,complicaciones,0.6<=kappa<0.8,0.601,C,Llama-70B,0.721
complicaciones.otra,complicaciones,kappa<0.6,0.025,A,Gemma4,0.114
complicaciones.otra,complicaciones,kappa<0.6,0.025,B,Gemma4,-0.01
complicaciones.otra,complicaciones,kappa<0.6,0.025,C,Gemma4,0.085
complicaciones.otra,complicaciones,kappa<0.6,0.025,A,Qwen,0.018
complicaciones.otra,complicaciones,kappa<0.6,0.025,B,Qwen,0.024
complicaciones.otra,complicaciones,kappa<0.6,0.025,C,Qwen,0.069
complicaciones.otra,complicaciones,kappa<0.6,0.025,A,Llama-70B,0.079
complicaciones.otra,complicaciones,kappa<0.6,0.025,B,Llama-70B,-0.103
complicaciones.otra,complicaciones,kappa<0.6,0.025,C,Llama-70B,-0.107
egreso.reingreso_upc,egreso,0.6<=kappa<0.8,0.709,A,Gemma4,0.52
egreso.reingreso_upc,egreso,0.6<=kappa<0.8,0.709,B,Gemma4,0.525
egreso.reingreso_upc,egreso,0.6<=kappa<0.8,0.709,C,Gemma4,0.62
egreso.reingreso_upc,egreso,0.6<=kappa<0.8,0.709,A,Qwen,0.617
egreso.reingreso_upc,egreso,0.6<=kappa<0.8,0.709,B,Qwen,0.814
egreso.reingreso_upc,egreso,0.6<=kappa<0.8,0.709,C,Qwen,0.587
egreso.reingreso_upc,egreso,0.6<=kappa<0.8,0.709,A,Llama-70B,0.502
egreso.reingreso_upc,egreso,0.6<=kappa<0.8,0.709,B,Llama-70B,0.299
egreso.reingreso_upc,egreso,0.6<=kappa<0.8,0.709,C,Llama-70B,0.498
falla.hematologica,falla,kappa<0.6,0.41,A,Gemma4,0.425
falla.hematologica,falla,kappa<0.6,0.41,B,Gemma4,0.533
falla.hematologica,falla,kappa<0.6,0.41,C,Gemma4,0.51
falla.hematologica,falla,kappa<0.6,0.41,A,Qwen,0.482
falla.hematologica,falla,kappa<0.6,0.41,B,Qwen,0.448
falla.hematologica,falla,kappa<0.6,0.41,C,Qwen,0.562
falla.hematologica,falla,kappa<0.6,0.41,A,Llama-70B,0.432
falla.hematologica,falla,kappa<0.6,0.41,B,Llama-70B,0.659
falla.hematologica,falla,kappa<0.6,0.41,C,Llama-70B,0.464
falla.hemodinamica,falla,kappa>=0.8,0.923,A,Gemma4,0.789
falla.hemodinamica,falla,kappa>=0.8,0.923,B,Gemma4,0.788
falla.hemodinamica,falla,kappa>=0.8,0.923,C,Gemma4,0.826
falla.hemodinamica,falla,kappa>=0.8,0.923,A,Qwen,0.828
falla.hemodinamica,falla,kappa>=0.8,0.923,B,Qwen,0.87
falla.hemodinamica,falla,kappa>=0.8,0.923,C,Qwen,0.86
falla.hemodinamica,falla,kappa>=0.8,0.923,A,Llama-70B,0.867
falla.hemodinamica,falla,kappa>=0.8,0.923,B,Llama-70B,0.83
falla.hemodinamica,falla,kappa>=0.8,0.923,C,Llama-70B,0.896
falla.hepatica,falla,kappa>=0.8,0.814,A,Gemma4,0.588
falla.hepatica,falla,kappa>=0.8,0.814,B,Gemma4,0.635
falla.hepatica,falla,kappa>=0.8,0.814,C,Gemma4,0.688
falla.hepatica,falla,kappa>=0.8,0.814,A,Qwen,0.816
falla.hepatica,falla,kappa>=0.8,0.814,B,Qwen,0.808
falla.hepatica,falla,kappa>=0.8,0.814,C,Qwen,0.759
falla.hepatica,falla,kappa>=0.8,0.814,A,Llama-70B,0.808
falla.hepatica,falla,kappa>=0.8,0.814,B,Llama-70B,0.538
falla.hepatica,falla,kappa>=0.8,0.814,C,Llama-70B,0.579
falla.multiorganica,falla,kappa<0.6,0.553,A,Gemma4,0.478
falla.multiorganica,falla,kappa<0.6,0.553,B,Gemma4,0.283
falla.multiorganica,falla,kappa<0.6,0.553,C,Gemma4,0.433
falla.multiorganica,falla,kappa<0.6,0.553,A,Qwen,0.56
falla.multiorganica,falla,kappa<0.6,0.553,B,Qwen,0.446
falla.multiorganica,falla,kappa<0.6,0.553,C,Qwen,0.386
falla.multiorganica,falla,kappa<0.6,0.553,A,Llama-70B,0.673
falla.multiorganica,falla,kappa<0.6,0.553,B,Llama-70B,0.242
falla.multiorganica,falla,kappa<0.6,0.553,C,Llama-70B,0.322
falla.neurologica,falla,kappa<0.6,0.493,A,Gemma4,0.378
falla.neurologica,falla,kappa<0.6,0.493,B,Gemma4,0.413
falla.neurologica,falla,kappa<0.6,0.493,C,Gemma4,0.38
falla.neurologica,falla,kappa<0.6,0.493,A,Qwen,0.347
falla.neurologica,falla,kappa<0.6,0.493,B,Qwen,0.347
falla.neurologica,falla,kappa<0.6,0.493,C,Qwen,0.439
falla.neurologica,falla,kappa<0.6,0.493,A,Llama-70B,0.503
falla.neurologica,falla,kappa<0.6,0.493,B,Llama-70B,0.381
falla.neurologica,falla,kappa<0.6,0.493,C,Llama-70B,0.351
falla.otra,falla,kappa<0.6,-0.176,A,Gemma4,0.19
falla.otra,falla,kappa<0.6,-0.176,B,Gemma4,0.19
falla.otra,falla,kappa<0.6,-0.176,C,Gemma4,0.185
falla.otra,falla,kappa<0.6,-0.176,A,Qwen,0.19
falla.otra,falla,kappa<0.6,-0.176,B,Qwen,0.19
falla.otra,falla,kappa<0.6,-0.176,C,Qwen,0.194
falla.otra,falla,kappa<0.6,-0.176,A,Llama-70B,0.19
falla.otra,falla,kappa<0.6,-0.176,B,Llama-70B,-0.226
falla.otra,falla,kappa<0.6,-0.176,C,Llama-70B,-0.248
falla.renal_aguda,falla,kappa>=0.8,0.919,A,Gemma4,0.907
falla.renal_aguda,falla,kappa>=0.8,0.919,B,Gemma4,0.907
falla.renal_aguda,falla,kappa>=0.8,0.919,C,Gemma4,0.905
falla.renal_aguda,falla,kappa>=0.8,0.919,A,Qwen,0.907
falla.renal_aguda,falla,kappa>=0.8,0.919,B,Qwen,0.946
falla.renal_aguda,falla,kappa>=0.8,0.919,C,Qwen,0.943
falla.renal_aguda,falla,kappa>=0.8,0.919,A,Llama-70B,0.907
falla.renal_aguda,falla,kappa>=0.8,0.919,B,Llama-70B,0.813
falla.renal_aguda,falla,kappa>=0.8,0.919,C,Llama-70B,0.916
falla.respiratoria,falla,0.6<=kappa<0.8,0.769,A,Gemma4,0.607
falla.respiratoria,falla,0.6<=kappa<0.8,0.769,B,Gemma4,0.565
falla.respiratoria,falla,0.6<=kappa<0.8,0.769,C,Gemma4,0.6
falla.respiratoria,falla,0.6<=kappa<0.8,0.769,A,Qwen,0.607
falla.respiratoria,falla,0.6<=kappa<0.8,0.769,B,Qwen,0.647
falla.respiratoria,falla,0.6<=kappa<0.8,0.769,C,Qwen,0.667
falla.respiratoria,falla,0.6<=kappa<0.8,0.769,A,Llama-70B,0.672
falla.respiratoria,falla,0.6<=kappa<0.8,0.769,B,Llama-70B,0.645
falla.respiratoria,falla,0.6<=kappa<0.8,0.769,C,Llama-70B,0.691
infecciones.estadia_upc,infecciones,0.6<=kappa<0.8,0.651,A,Gemma4,0.653
infecciones.estadia_upc,infecciones,0.6<=kappa<0.8,0.651,B,Gemma4,0.736
infecciones.estadia_upc,infecciones,0.6<=kappa<0.8,0.651,C,Gemma4,0.731
infecciones.estadia_upc,infecciones,0.6<=kappa<0.8,0.651,A,Qwen,0.612
infecciones.estadia_upc,infecciones,0.6<=kappa<0.8,0.651,B,Qwen,0.612
infecciones.estadia_upc,infecciones,0.6<=kappa<0.8,0.651,C,Qwen,0.729
infecciones.estadia_upc,infecciones,0.6<=kappa<0.8,0.651,A,Llama-70B,0.612
infecciones.estadia_upc,infecciones,0.6<=kappa<0.8,0.651,B,Llama-70B,0.672
infecciones.estadia_upc,infecciones,0.6<=kappa<0.8,0.651,C,Llama-70B,0.683
infecciones.focos.cateter,infecciones,kappa<0.6,0.584,A,Gemma4,0.562
infecciones.focos.cateter,infecciones,kappa<0.6,0.584,B,Gemma4,0.5
infecciones.focos.cateter,infecciones,kappa<0.6,0.584,C,Gemma4,0.339
infecciones.focos.cateter,infecciones,kappa<0.6,0.584,A,Qwen,0.575
infecciones.focos.cateter,infecciones,kappa<0.6,0.584,B,Qwen,0.5
infecciones.focos.cateter,infecciones,kappa<0.6,0.584,C,Qwen,0.2
infecciones.focos.cateter,infecciones,kappa<0.6,0.584,A,Llama-70B,0.72
infecciones.focos.cateter,infecciones,kappa<0.6,0.584,B,Llama-70B,0.531
infecciones.focos.cateter,infecciones,kappa<0.6,0.584,C,Llama-70B,0.636
infecciones.focos.cateter.agente,infecciones,kappa<0.6,0.584,A,Gemma4,0.562
infecciones.focos.cateter.agente,infecciones,kappa<0.6,0.584,B,Gemma4,0.5
infecciones.focos.cateter.agente,infecciones,kappa<0.6,0.584,C,Gemma4,0.339
infecciones.focos.cateter.agente,infecciones,kappa<0.6,0.584,A,Qwen,0.48
infecciones.focos.cateter.agente,infecciones,kappa<0.6,0.584,B,Qwen,0.5
infecciones.focos.cateter.agente,infecciones,kappa<0.6,0.584,C,Qwen,0.2
infecciones.focos.cateter.agente,infecciones,kappa<0.6,0.584,A,Llama-70B,1.0
infecciones.focos.cateter.agente,infecciones,kappa<0.6,0.584,B,Llama-70B,0.616
infecciones.focos.cateter.agente,infecciones,kappa<0.6,0.584,C,Llama-70B,0.636
infecciones.focos.cateter.iaas,infecciones,kappa<0.6,0.476,A,Gemma4,0.434
infecciones.focos.cateter.iaas,infecciones,kappa<0.6,0.476,B,Gemma4,0.379
infecciones.focos.cateter.iaas,infecciones,kappa<0.6,0.476,C,Gemma4,0.202
infecciones.focos.cateter.iaas,infecciones,kappa<0.6,0.476,A,Qwen,0.45
infecciones.focos.cateter.iaas,infecciones,kappa<0.6,0.476,B,Qwen,0.379
infecciones.focos.cateter.iaas,infecciones,kappa<0.6,0.476,C,Qwen,0.231
infecciones.focos.cateter.iaas,infecciones,kappa<0.6,0.476,A,Llama-70B,1.0
infecciones.focos.cateter.iaas,infecciones,kappa<0.6,0.476,B,Llama-70B,0.457
infecciones.focos.cateter.iaas,infecciones,kappa<0.6,0.476,C,Llama-70B,0.398
infecciones.focos.cateter.tratamiento,infecciones,kappa<0.6,0.194,A,Gemma4,0.389
infecciones.focos.cateter.tratamiento,infecciones,kappa<0.6,0.194,B,Gemma4,0.649
infecciones.focos.cateter.tratamiento,infecciones,kappa<0.6,0.194,C,Gemma4,0.535
infecciones.focos.cateter.tratamiento,infecciones,kappa<0.6,0.194,A,Qwen,0.466
infecciones.focos.cateter.tratamiento,infecciones,kappa<0.6,0.194,B,Qwen,0.649
infecciones.focos.cateter.tratamiento,infecciones,kappa<0.6,0.194,C,Qwen,0.643
infecciones.focos.cateter.tratamiento,infecciones,kappa<0.6,0.194,A,Llama-70B,1.0
infecciones.focos.cateter.tratamiento,infecciones,kappa<0.6,0.194,B,Llama-70B,0.503
infecciones.focos.cateter.tratamiento,infecciones,kappa<0.6,0.194,C,Llama-70B,0.638
infecciones.focos.digestivo_biliar,infecciones,kappa>=0.8,0.811,A,Gemma4,0.632
infecciones.focos.digestivo_biliar,infecciones,kappa>=0.8,0.811,B,Gemma4,0.776
infecciones.focos.digestivo_biliar,infecciones,kappa>=0.8,0.811,C,Gemma4,0.805
infecciones.focos.digestivo_biliar,infecciones,kappa>=0.8,0.811,A,Qwen,0.577
infecciones.focos.digestivo_biliar,infecciones,kappa>=0.8,0.811,B,Qwen,0.584
infecciones.focos.digestivo_biliar,infecciones,kappa>=0.8,0.811,C,Qwen,0.616
infecciones.focos.digestivo_biliar,infecciones,kappa>=0.8,0.811,A,Llama-70B,0.537
infecciones.focos.digestivo_biliar,infecciones,kappa>=0.8,0.811,B,Llama-70B,0.531
infecciones.focos.digestivo_biliar,infecciones,kappa>=0.8,0.811,C,Llama-70B,0.625
infecciones.focos.digestivo_biliar.agente,infecciones,0.6<=kappa<0.8,0.749,A,Gemma4,0.645
infecciones.focos.digestivo_biliar.agente,infecciones,0.6<=kappa<0.8,0.749,B,Gemma4,0.72
infecciones.focos.digestivo_biliar.agente,infecciones,0.6<=kappa<0.8,0.749,C,Gemma4,0.76
infecciones.focos.digestivo_biliar.agente,infecciones,0.6<=kappa<0.8,0.749,A,Qwen,0.623
infecciones.focos.digestivo_biliar.agente,infecciones,0.6<=kappa<0.8,0.749,B,Qwen,0.468
infecciones.focos.digestivo_biliar.agente,infecciones,0.6<=kappa<0.8,0.749,C,Qwen,0.662
infecciones.focos.digestivo_biliar.agente,infecciones,0.6<=kappa<0.8,0.749,A,Llama-70B,0.143
infecciones.focos.digestivo_biliar.agente,infecciones,0.6<=kappa<0.8,0.749,B,Llama-70B,0.622
infecciones.focos.digestivo_biliar.agente,infecciones,0.6<=kappa<0.8,0.749,C,Llama-70B,0.559
infecciones.focos.digestivo_biliar.tratamiento,infecciones,0.6<=kappa<0.8,0.766,A,Gemma4,0.641
infecciones.focos.digestivo_biliar.tratamiento,infecciones,0.6<=kappa<0.8,0.766,B,Gemma4,0.768
infecciones.focos.digestivo_biliar.tratamiento,infecciones,0.6<=kappa<0.8,0.766,C,Gemma4,0.744
infecciones.focos.digestivo_biliar.tratamiento,infecciones,0.6<=kappa<0.8,0.766,A,Qwen,0.583
infecciones.focos.digestivo_biliar.tratamiento,infecciones,0.6<=kappa<0.8,0.766,B,Qwen,0.539
infecciones.focos.digestivo_biliar.tratamiento,infecciones,0.6<=kappa<0.8,0.766,C,Qwen,0.565
infecciones.focos.digestivo_biliar.tratamiento,infecciones,0.6<=kappa<0.8,0.766,A,Llama-70B,0.371
infecciones.focos.digestivo_biliar.tratamiento,infecciones,0.6<=kappa<0.8,0.766,B,Llama-70B,0.602
infecciones.focos.digestivo_biliar.tratamiento,infecciones,0.6<=kappa<0.8,0.766,C,Llama-70B,0.565
infecciones.focos.no_identificado,infecciones,kappa<0.6,0.595,A,Gemma4,0.685
infecciones.focos.no_identificado,infecciones,kappa<0.6,0.595,B,Gemma4,0.403
infecciones.focos.no_identificado,infecciones,kappa<0.6,0.595,C,Gemma4,0.446
infecciones.focos.no_identificado,infecciones,kappa<0.6,0.595,A,Qwen,0.254
infecciones.focos.no_identificado,infecciones,kappa<0.6,0.595,B,Qwen,0.647
infecciones.focos.no_identificado,infecciones,kappa<0.6,0.595,C,Qwen,-0.013
infecciones.focos.no_identificado,infecciones,kappa<0.6,0.595,A,Llama-70B,-0.153
infecciones.focos.no_identificado,infecciones,kappa<0.6,0.595,B,Llama-70B,0.159
infecciones.focos.no_identificado,infecciones,kappa<0.6,0.595,C,Llama-70B,0.289
infecciones.focos.otro,infecciones,kappa<0.6,-0.041,A,Gemma4,0.028
infecciones.focos.otro,infecciones,kappa<0.6,-0.041,B,Gemma4,-0.264
infecciones.focos.otro,infecciones,kappa<0.6,-0.041,C,Gemma4,-0.067
infecciones.focos.otro,infecciones,kappa<0.6,-0.041,A,Qwen,0.079
infecciones.focos.otro,infecciones,kappa<0.6,-0.041,B,Qwen,-0.258
infecciones.focos.otro,infecciones,kappa<0.6,-0.041,C,Qwen,0.03
infecciones.focos.otro,infecciones,kappa<0.6,-0.041,A,Llama-70B,-0.041
infecciones.focos.otro,infecciones,kappa<0.6,-0.041,B,Llama-70B,-0.297
infecciones.focos.otro,infecciones,kappa<0.6,-0.041,C,Llama-70B,-0.131
infecciones.focos.piel_blandas,infecciones,0.6<=kappa<0.8,0.799,A,Gemma4,0.808
infecciones.focos.piel_blandas,infecciones,0.6<=kappa<0.8,0.799,B,Gemma4,0.808
infecciones.focos.piel_blandas,infecciones,0.6<=kappa<0.8,0.799,C,Gemma4,0.752
infecciones.focos.piel_blandas,infecciones,0.6<=kappa<0.8,0.799,A,Qwen,0.808
infecciones.focos.piel_blandas,infecciones,0.6<=kappa<0.8,0.799,B,Qwen,0.611
infecciones.focos.piel_blandas,infecciones,0.6<=kappa<0.8,0.799,C,Qwen,0.859
infecciones.focos.piel_blandas,infecciones,0.6<=kappa<0.8,0.799,A,Llama-70B,0.739
infecciones.focos.piel_blandas,infecciones,0.6<=kappa<0.8,0.799,B,Llama-70B,0.56
infecciones.focos.piel_blandas,infecciones,0.6<=kappa<0.8,0.799,C,Llama-70B,0.857
infecciones.focos.respiratorio,infecciones,kappa<0.6,0.399,A,Gemma4,0.52
infecciones.focos.respiratorio,infecciones,kappa<0.6,0.399,B,Gemma4,0.555
infecciones.focos.respiratorio,infecciones,kappa<0.6,0.399,C,Gemma4,0.596
infecciones.focos.respiratorio,infecciones,kappa<0.6,0.399,A,Qwen,0.561
infecciones.focos.respiratorio,infecciones,kappa<0.6,0.399,B,Qwen,0.605
infecciones.focos.respiratorio,infecciones,kappa<0.6,0.399,C,Qwen,0.622
infecciones.focos.respiratorio,infecciones,kappa<0.6,0.399,A,Llama-70B,0.583
infecciones.focos.respiratorio,infecciones,kappa<0.6,0.399,B,Llama-70B,0.432
infecciones.focos.respiratorio,infecciones,kappa<0.6,0.399,C,Llama-70B,0.566
infecciones.focos.respiratorio.agente,infecciones,0.6<=kappa<0.8,0.716,A,Gemma4,0.654
infecciones.focos.respiratorio.agente,infecciones,0.6<=kappa<0.8,0.716,B,Gemma4,0.649
infecciones.focos.respiratorio.agente,infecciones,0.6<=kappa<0.8,0.716,C,Gemma4,0.646
infecciones.focos.respiratorio.agente,infecciones,0.6<=kappa<0.8,0.716,A,Qwen,0.64
infecciones.focos.respiratorio.agente,infecciones,0.6<=kappa<0.8,0.716,B,Qwen,0.652
infecciones.focos.respiratorio.agente,infecciones,0.6<=kappa<0.8,0.716,C,Qwen,0.679
infecciones.focos.respiratorio.agente,infecciones,0.6<=kappa<0.8,0.716,A,Llama-70B,0.459
infecciones.focos.respiratorio.agente,infecciones,0.6<=kappa<0.8,0.716,B,Llama-70B,0.578
infecciones.focos.respiratorio.agente,infecciones,0.6<=kappa<0.8,0.716,C,Llama-70B,0.587
infecciones.focos.respiratorio.iaas,infecciones,kappa<0.6,0.437,A,Gemma4,0.676
infecciones.focos.respiratorio.iaas,infecciones,kappa<0.6,0.437,B,Gemma4,0.733
infecciones.focos.respiratorio.iaas,infecciones,kappa<0.6,0.437,C,Gemma4,0.694
infecciones.focos.respiratorio.iaas,infecciones,kappa<0.6,0.437,A,Qwen,0.567
infecciones.focos.respiratorio.iaas,infecciones,kappa<0.6,0.437,B,Qwen,0.522
infecciones.focos.respiratorio.iaas,infecciones,kappa<0.6,0.437,C,Qwen,0.507
infecciones.focos.respiratorio.iaas,infecciones,kappa<0.6,0.437,A,Llama-70B,0.551
infecciones.focos.respiratorio.iaas,infecciones,kappa<0.6,0.437,B,Llama-70B,0.342
infecciones.focos.respiratorio.iaas,infecciones,kappa<0.6,0.437,C,Llama-70B,0.658
infecciones.focos.respiratorio.tratamiento,infecciones,kappa<0.6,0.457,A,Gemma4,0.465
infecciones.focos.respiratorio.tratamiento,infecciones,kappa<0.6,0.457,B,Gemma4,0.545
infecciones.focos.respiratorio.tratamiento,infecciones,kappa<0.6,0.457,C,Gemma4,0.484
infecciones.focos.respiratorio.tratamiento,infecciones,kappa<0.6,0.457,A,Qwen,0.515
infecciones.focos.respiratorio.tratamiento,infecciones,kappa<0.6,0.457,B,Qwen,0.512
infecciones.focos.respiratorio.tratamiento,infecciones,kappa<0.6,0.457,C,Qwen,0.603
infecciones.focos.respiratorio.tratamiento,infecciones,kappa<0.6,0.457,A,Llama-70B,0.394
infecciones.focos.respiratorio.tratamiento,infecciones,kappa<0.6,0.457,B,Llama-70B,0.414
infecciones.focos.respiratorio.tratamiento,infecciones,kappa<0.6,0.457,C,Llama-70B,0.582
infecciones.focos.urinario,infecciones,kappa>=0.8,0.873,A,Gemma4,0.804
infecciones.focos.urinario,infecciones,kappa>=0.8,0.873,B,Gemma4,0.857
infecciones.focos.urinario,infecciones,kappa>=0.8,0.873,C,Gemma4,0.738
infecciones.focos.urinario,infecciones,kappa>=0.8,0.873,A,Qwen,0.811
infecciones.focos.urinario,infecciones,kappa>=0.8,0.873,B,Qwen,0.811
infecciones.focos.urinario,infecciones,kappa>=0.8,0.873,C,Qwen,0.945
infecciones.focos.urinario,infecciones,kappa>=0.8,0.873,A,Llama-70B,0.614
infecciones.focos.urinario,infecciones,kappa>=0.8,0.873,B,Llama-70B,0.649
infecciones.focos.urinario,infecciones,kappa>=0.8,0.873,C,Llama-70B,0.647
infecciones.focos.urinario.agente,infecciones,0.6<=kappa<0.8,0.722,A,Gemma4,0.753
infecciones.focos.urinario.agente,infecciones,0.6<=kappa<0.8,0.722,B,Gemma4,0.783
infecciones.focos.urinario.agente,infecciones,0.6<=kappa<0.8,0.722,C,Gemma4,0.782
infecciones.focos.urinario.agente,infecciones,0.6<=kappa<0.8,0.722,A,Qwen,0.822
infecciones.focos.urinario.agente,infecciones,0.6<=kappa<0.8,0.722,B,Qwen,0.767
infecciones.focos.urinario.agente,infecciones,0.6<=kappa<0.8,0.722,C,Qwen,0.891
infecciones.focos.urinario.agente,infecciones,0.6<=kappa<0.8,0.722,A,Llama-70B,1.0
infecciones.focos.urinario.agente,infecciones,0.6<=kappa<0.8,0.722,B,Llama-70B,0.514
infecciones.focos.urinario.agente,infecciones,0.6<=kappa<0.8,0.722,C,Llama-70B,0.647
infecciones.focos.urinario.tratamiento,infecciones,kappa>=0.8,0.845,A,Gemma4,0.785
infecciones.focos.urinario.tratamiento,infecciones,kappa>=0.8,0.845,B,Gemma4,0.822
infecciones.focos.urinario.tratamiento,infecciones,kappa>=0.8,0.845,C,Gemma4,0.663
infecciones.focos.urinario.tratamiento,infecciones,kappa>=0.8,0.845,A,Qwen,0.795
infecciones.focos.urinario.tratamiento,infecciones,kappa>=0.8,0.845,B,Qwen,0.795
infecciones.focos.urinario.tratamiento,infecciones,kappa>=0.8,0.845,C,Qwen,0.928
infecciones.focos.urinario.tratamiento,infecciones,kappa>=0.8,0.845,A,Llama-70B,0.746
infecciones.focos.urinario.tratamiento,infecciones,kappa>=0.8,0.845,B,Llama-70B,0.505
infecciones.focos.urinario.tratamiento,infecciones,kappa>=0.8,0.845,C,Llama-70B,0.49
infecciones.sepsis,infecciones,kappa>=0.8,0.842,A,Gemma4,0.899
infecciones.sepsis,infecciones,kappa>=0.8,0.842,B,Gemma4,0.903
infecciones.sepsis,infecciones,kappa>=0.8,0.842,C,Gemma4,0.901
infecciones.sepsis,infecciones,kappa>=0.8,0.842,A,Qwen,0.903
infecciones.sepsis,infecciones,kappa>=0.8,0.842,B,Qwen,0.903
infecciones.sepsis,infecciones,kappa>=0.8,0.842,C,Qwen,0.867
infecciones.sepsis,infecciones,kappa>=0.8,0.842,A,Llama-70B,0.844
infecciones.sepsis,infecciones,kappa>=0.8,0.842,B,Llama-70B,0.806
infecciones.sepsis,infecciones,kappa>=0.8,0.842,C,Llama-70B,0.91
soporte.hemodinamico,soporte,kappa>=0.8,0.864,A,Gemma4,0.831
soporte.hemodinamico,soporte,kappa>=0.8,0.864,B,Gemma4,0.831
soporte.hemodinamico,soporte,kappa>=0.8,0.864,C,Gemma4,0.827
soporte.hemodinamico,soporte,kappa>=0.8,0.864,A,Qwen,0.801
soporte.hemodinamico,soporte,kappa>=0.8,0.864,B,Qwen,0.776
soporte.hemodinamico,soporte,kappa>=0.8,0.864,C,Qwen,0.815
soporte.hemodinamico,soporte,kappa>=0.8,0.864,A,Llama-70B,0.805
soporte.hemodinamico,soporte,kappa>=0.8,0.864,B,Llama-70B,0.803
soporte.hemodinamico,soporte,kappa>=0.8,0.864,C,Llama-70B,0.744
soporte.hemodinamico.drogas_vasoactivas,soporte,kappa>=0.8,0.909,A,Gemma4,0.876
soporte.hemodinamico.drogas_vasoactivas,soporte,kappa>=0.8,0.909,B,Gemma4,0.892
soporte.hemodinamico.drogas_vasoactivas,soporte,kappa>=0.8,0.909,C,Gemma4,0.89
soporte.hemodinamico.drogas_vasoactivas,soporte,kappa>=0.8,0.909,A,Qwen,0.85
soporte.hemodinamico.drogas_vasoactivas,soporte,kappa>=0.8,0.909,B,Qwen,0.828
soporte.hemodinamico.drogas_vasoactivas,soporte,kappa>=0.8,0.909,C,Qwen,0.865
soporte.hemodinamico.drogas_vasoactivas,soporte,kappa>=0.8,0.909,A,Llama-70B,0.767
soporte.hemodinamico.drogas_vasoactivas,soporte,kappa>=0.8,0.909,B,Llama-70B,0.862
soporte.hemodinamico.drogas_vasoactivas,soporte,kappa>=0.8,0.909,C,Llama-70B,0.797
soporte.hemodinamico.inotropicos,soporte,kappa>=0.8,1.0,A,Gemma4,0.659
soporte.hemodinamico.inotropicos,soporte,kappa>=0.8,1.0,B,Gemma4,0.574
soporte.hemodinamico.inotropicos,soporte,kappa>=0.8,1.0,C,Gemma4,0.873
soporte.hemodinamico.inotropicos,soporte,kappa>=0.8,1.0,A,Qwen,0.873
soporte.hemodinamico.inotropicos,soporte,kappa>=0.8,1.0,B,Qwen,1.0
soporte.hemodinamico.inotropicos,soporte,kappa>=0.8,1.0,C,Qwen,1.0
soporte.hemodinamico.inotropicos,soporte,kappa>=0.8,1.0,A,Llama-70B,1.0
soporte.hemodinamico.inotropicos,soporte,kappa>=0.8,1.0,B,Llama-70B,1.0
soporte.hemodinamico.inotropicos,soporte,kappa>=0.8,1.0,C,Llama-70B,1.0
soporte.hfav,soporte,kappa<0.6,0.485,A,Gemma4,0.568
soporte.hfav,soporte,kappa<0.6,0.485,B,Gemma4,0.568
soporte.hfav,soporte,kappa<0.6,0.485,C,Gemma4,0.565
soporte.hfav,soporte,kappa<0.6,0.485,A,Qwen,0.568
soporte.hfav,soporte,kappa<0.6,0.485,B,Qwen,0.641
soporte.hfav,soporte,kappa<0.6,0.485,C,Qwen,0.472
soporte.hfav,soporte,kappa<0.6,0.485,A,Llama-70B,0.574
soporte.hfav,soporte,kappa<0.6,0.485,B,Llama-70B,0.612
soporte.hfav,soporte,kappa<0.6,0.485,C,Llama-70B,0.608
soporte.intervenciones,soporte,kappa<0.6,0.39,A,Gemma4,0.221
soporte.intervenciones,soporte,kappa<0.6,0.39,B,Gemma4,0.092
soporte.intervenciones,soporte,kappa<0.6,0.39,C,Gemma4,0.211
soporte.intervenciones,soporte,kappa<0.6,0.39,A,Qwen,0.15
soporte.intervenciones,soporte,kappa<0.6,0.39,B,Qwen,0.138
soporte.intervenciones,soporte,kappa<0.6,0.39,C,Qwen,0.256
soporte.intervenciones,soporte,kappa<0.6,0.39,A,Llama-70B,0.127
soporte.intervenciones,soporte,kappa<0.6,0.39,B,Llama-70B,0.028
soporte.intervenciones,soporte,kappa<0.6,0.39,C,Llama-70B,-0.029
soporte.intervenciones.endoscopico,soporte,kappa<0.6,0.537,A,Gemma4,0.43
soporte.intervenciones.endoscopico,soporte,kappa<0.6,0.537,B,Gemma4,0.503
soporte.intervenciones.endoscopico,soporte,kappa<0.6,0.537,C,Gemma4,0.371
soporte.intervenciones.endoscopico,soporte,kappa<0.6,0.537,A,Qwen,0.469
soporte.intervenciones.endoscopico,soporte,kappa<0.6,0.537,B,Qwen,0.458
soporte.intervenciones.endoscopico,soporte,kappa<0.6,0.537,C,Qwen,0.601
soporte.intervenciones.endoscopico,soporte,kappa<0.6,0.537,A,Llama-70B,0.266
soporte.intervenciones.endoscopico,soporte,kappa<0.6,0.537,B,Llama-70B,0.421
soporte.intervenciones.endoscopico,soporte,kappa<0.6,0.537,C,Llama-70B,0.423
soporte.intervenciones.otro,soporte,kappa<0.6,0.491,A,Gemma4,0.257
soporte.intervenciones.otro,soporte,kappa<0.6,0.491,B,Gemma4,0.272
soporte.intervenciones.otro,soporte,kappa<0.6,0.491,C,Gemma4,0.545
soporte.intervenciones.otro,soporte,kappa<0.6,0.491,A,Qwen,0.08
soporte.intervenciones.otro,soporte,kappa<0.6,0.491,B,Qwen,0.427
soporte.intervenciones.otro,soporte,kappa<0.6,0.491,C,Qwen,0.583
soporte.intervenciones.otro,soporte,kappa<0.6,0.491,A,Llama-70B,0.274
soporte.intervenciones.otro,soporte,kappa<0.6,0.491,B,Llama-70B,0.049
soporte.intervenciones.otro,soporte,kappa<0.6,0.491,C,Llama-70B,0.068
soporte.intervenciones.quirurgico,soporte,kappa<0.6,0.401,A,Gemma4,0.401
soporte.intervenciones.quirurgico,soporte,kappa<0.6,0.401,B,Gemma4,0.327
soporte.intervenciones.quirurgico,soporte,kappa<0.6,0.401,C,Gemma4,0.392
soporte.intervenciones.quirurgico,soporte,kappa<0.6,0.401,A,Qwen,0.331
soporte.intervenciones.quirurgico,soporte,kappa<0.6,0.401,B,Qwen,0.401
soporte.intervenciones.quirurgico,soporte,kappa<0.6,0.401,C,Qwen,0.434
soporte.intervenciones.quirurgico,soporte,kappa<0.6,0.401,A,Llama-70B,0.242
soporte.intervenciones.quirurgico,soporte,kappa<0.6,0.401,B,Llama-70B,0.177
soporte.intervenciones.quirurgico,soporte,kappa<0.6,0.401,C,Llama-70B,0.118
soporte.reanimacion,soporte,0.6<=kappa<0.8,0.619,A,Gemma4,0.711
soporte.reanimacion,soporte,0.6<=kappa<0.8,0.619,B,Gemma4,0.711
soporte.reanimacion,soporte,0.6<=kappa<0.8,0.619,C,Gemma4,0.71
soporte.reanimacion,soporte,0.6<=kappa<0.8,0.619,A,Qwen,0.702
soporte.reanimacion,soporte,0.6<=kappa<0.8,0.619,B,Qwen,0.677
soporte.reanimacion,soporte,0.6<=kappa<0.8,0.619,C,Qwen,0.707
soporte.reanimacion,soporte,0.6<=kappa<0.8,0.619,A,Llama-70B,0.64
soporte.reanimacion,soporte,0.6<=kappa<0.8,0.619,B,Llama-70B,0.523
soporte.reanimacion,soporte,0.6<=kappa<0.8,0.619,C,Llama-70B,0.623
soporte.reanimacion.fecha_disponible,soporte,0.6<=kappa<0.8,0.667,A,Gemma4,0.378
soporte.reanimacion.fecha_disponible,soporte,0.6<=kappa<0.8,0.667,B,Gemma4,0.378
soporte.reanimacion.fecha_disponible,soporte,0.6<=kappa<0.8,0.667,C,Gemma4,0.569
soporte.reanimacion.fecha_disponible,soporte,0.6<=kappa<0.8,0.667,A,Qwen,-0.142
soporte.reanimacion.fecha_disponible,soporte,0.6<=kappa<0.8,0.667,B,Qwen,0.493
soporte.reanimacion.fecha_disponible,soporte,0.6<=kappa<0.8,0.667,C,Qwen,-0.186
soporte.reanimacion.fecha_disponible,soporte,0.6<=kappa<0.8,0.667,A,Llama-70B,0.27
soporte.reanimacion.fecha_disponible,soporte,0.6<=kappa<0.8,0.667,B,Llama-70B,0.332
soporte.reanimacion.fecha_disponible,soporte,0.6<=kappa<0.8,0.667,C,Llama-70B,0.709
soporte.reanimacion.retorno_circulacion,soporte,0.6<=kappa<0.8,0.649,A,Gemma4,0.783
soporte.reanimacion.retorno_circulacion,soporte,0.6<=kappa<0.8,0.649,B,Gemma4,0.877
soporte.reanimacion.retorno_circulacion,soporte,0.6<=kappa<0.8,0.649,C,Gemma4,0.877
soporte.reanimacion.retorno_circulacion,soporte,0.6<=kappa<0.8,0.649,A,Qwen,0.783
soporte.reanimacion.retorno_circulacion,soporte,0.6<=kappa<0.8,0.649,B,Qwen,0.588
soporte.reanimacion.retorno_circulacion,soporte,0.6<=kappa<0.8,0.649,C,Qwen,0.731
soporte.reanimacion.retorno_circulacion,soporte,0.6<=kappa<0.8,0.649,A,Llama-70B,0.865
soporte.reanimacion.retorno_circulacion,soporte,0.6<=kappa<0.8,0.649,B,Llama-70B,0.858
soporte.reanimacion.retorno_circulacion,soporte,0.6<=kappa<0.8,0.649,C,Llama-70B,0.857
soporte.renal,soporte,kappa>=0.8,0.841,A,Gemma4,0.781
soporte.renal,soporte,kappa>=0.8,0.841,B,Gemma4,0.826
soporte.renal,soporte,kappa>=0.8,0.841,C,Gemma4,0.824
soporte.renal,soporte,kappa>=0.8,0.841,A,Qwen,0.741
soporte.renal,soporte,kappa>=0.8,0.841,B,Qwen,0.708
soporte.renal,soporte,kappa>=0.8,0.841,C,Qwen,0.807
soporte.renal,soporte,kappa>=0.8,0.841,A,Llama-70B,0.739
soporte.renal,soporte,kappa>=0.8,0.841,B,Llama-70B,0.669
soporte.renal,soporte,kappa>=0.8,0.841,C,Llama-70B,0.689
soporte.renal.hemodialisis_aguda,soporte,0.6<=kappa<0.8,0.703,A,Gemma4,0.796
soporte.renal.hemodialisis_aguda,soporte,0.6<=kappa<0.8,0.703,B,Gemma4,0.781
soporte.renal.hemodialisis_aguda,soporte,0.6<=kappa<0.8,0.703,C,Gemma4,0.795
soporte.renal.hemodialisis_aguda,soporte,0.6<=kappa<0.8,0.703,A,Qwen,0.79
soporte.renal.hemodialisis_aguda,soporte,0.6<=kappa<0.8,0.703,B,Qwen,0.736
soporte.renal.hemodialisis_aguda,soporte,0.6<=kappa<0.8,0.703,C,Qwen,0.293
soporte.renal.hemodialisis_aguda,soporte,0.6<=kappa<0.8,0.703,A,Llama-70B,0.619
soporte.renal.hemodialisis_aguda,soporte,0.6<=kappa<0.8,0.703,B,Llama-70B,0.709
soporte.renal.hemodialisis_aguda,soporte,0.6<=kappa<0.8,0.703,C,Llama-70B,0.708
soporte.renal.otro,soporte,kappa<0.6,0.219,A,Gemma4,0.191
soporte.renal.otro,soporte,kappa<0.6,0.219,B,Gemma4,0.191
soporte.renal.otro,soporte,kappa<0.6,0.219,C,Gemma4,0.188
soporte.renal.otro,soporte,kappa<0.6,0.219,A,Qwen,0.191
soporte.renal.otro,soporte,kappa<0.6,0.219,B,Qwen,-0.064
soporte.renal.otro,soporte,kappa<0.6,0.219,C,Qwen,-0.079
soporte.renal.otro,soporte,kappa<0.6,0.219,A,Llama-70B,-0.133
soporte.renal.otro,soporte,kappa<0.6,0.219,B,Llama-70B,0.087
soporte.renal.otro,soporte,kappa<0.6,0.219,C,Llama-70B,-0.096
soporte.renal.trr_continua,soporte,kappa<0.6,0.491,A,Gemma4,0.599
soporte.renal.trr_continua,soporte,kappa<0.6,0.491,B,Gemma4,0.677
soporte.renal.trr_continua,soporte,kappa<0.6,0.491,C,Gemma4,0.675
soporte.renal.trr_continua,soporte,kappa<0.6,0.491,A,Qwen,0.59
soporte.renal.trr_continua,soporte,kappa<0.6,0.491,B,Qwen,0.64
soporte.renal.trr_continua,soporte,kappa<0.6,0.491,C,Qwen,0.768
soporte.renal.trr_continua,soporte,kappa<0.6,0.491,A,Llama-70B,0.617
soporte.renal.trr_continua,soporte,kappa<0.6,0.491,B,Llama-70B,0.552
soporte.renal.trr_continua,soporte,kappa<0.6,0.491,C,Llama-70B,0.54
soporte.respiratorio,soporte,kappa>=0.8,0.807,A,Gemma4,0.825
soporte.respiratorio,soporte,kappa>=0.8,0.807,B,Gemma4,0.732
soporte.respiratorio,soporte,kappa>=0.8,0.807,C,Gemma4,0.769
soporte.respiratorio,soporte,kappa>=0.8,0.807,A,Qwen,0.825
soporte.respiratorio,soporte,kappa>=0.8,0.807,B,Qwen,0.841
soporte.respiratorio,soporte,kappa>=0.8,0.807,C,Qwen,0.813
soporte.respiratorio,soporte,kappa>=0.8,0.807,A,Llama-70B,0.827
soporte.respiratorio,soporte,kappa>=0.8,0.807,B,Llama-70B,0.78
soporte.respiratorio,soporte,kappa>=0.8,0.807,C,Llama-70B,0.806
soporte.respiratorio.bloqueo_neuromuscular,soporte,kappa<0.6,-0.184,A,Gemma4,0.313
soporte.respiratorio.bloqueo_neuromuscular,soporte,kappa<0.6,-0.184,B,Gemma4,0.313
soporte.respiratorio.bloqueo_neuromuscular,soporte,kappa<0.6,-0.184,C,Gemma4,0.261
soporte.respiratorio.bloqueo_neuromuscular,soporte,kappa<0.6,-0.184,A,Qwen,0.313
soporte.respiratorio.bloqueo_neuromuscular,soporte,kappa<0.6,-0.184,B,Qwen,0.313
soporte.respiratorio.bloqueo_neuromuscular,soporte,kappa<0.6,-0.184,C,Qwen,0.313
soporte.respiratorio.bloqueo_neuromuscular,soporte,kappa<0.6,-0.184,A,Llama-70B,0.609
soporte.respiratorio.bloqueo_neuromuscular,soporte,kappa<0.6,-0.184,B,Llama-70B,0.313
soporte.respiratorio.bloqueo_neuromuscular,soporte,kappa<0.6,-0.184,C,Llama-70B,0.197
soporte.respiratorio.traqueostomia,soporte,kappa>=0.8,0.811,A,Gemma4,0.964
soporte.respiratorio.traqueostomia,soporte,kappa>=0.8,0.811,B,Gemma4,0.933
soporte.respiratorio.traqueostomia,soporte,kappa>=0.8,0.811,C,Gemma4,0.933
soporte.respiratorio.traqueostomia,soporte,kappa>=0.8,0.811,A,Qwen,0.919
soporte.respiratorio.traqueostomia,soporte,kappa>=0.8,0.811,B,Qwen,0.919
soporte.respiratorio.traqueostomia,soporte,kappa>=0.8,0.811,C,Qwen,0.873
soporte.respiratorio.traqueostomia,soporte,kappa>=0.8,0.811,A,Llama-70B,0.93
soporte.respiratorio.traqueostomia,soporte,kappa>=0.8,0.811,B,Llama-70B,0.919
soporte.respiratorio.traqueostomia,soporte,kappa>=0.8,0.811,C,Llama-70B,0.918
soporte.respiratorio.vmi,soporte,kappa>=0.8,0.813,A,Gemma4,0.832
soporte.respiratorio.vmi,soporte,kappa>=0.8,0.813,B,Gemma4,0.752
soporte.respiratorio.vmi,soporte,kappa>=0.8,0.813,C,Gemma4,0.788
soporte.respiratorio.vmi,soporte,kappa>=0.8,0.813,A,Qwen,0.793
soporte.respiratorio.vmi,soporte,kappa>=0.8,0.813,B,Qwen,0.801
soporte.respiratorio.vmi,soporte,kappa>=0.8,0.813,C,Qwen,0.862
soporte.respiratorio.vmi,soporte,kappa>=0.8,0.813,A,Llama-70B,0.83
soporte.respiratorio.vmi,soporte,kappa>=0.8,0.813,B,Llama-70B,0.746
soporte.respiratorio.vmi,soporte,kappa>=0.8,0.813,C,Llama-70B,0.77
soporte.respiratorio.vmi.mas_de_un_ciclo,soporte,kappa<0.6,0.588,A,Gemma4,0.772
soporte.respiratorio.vmi.mas_de_un_ciclo,soporte,kappa<0.6,0.588,B,Gemma4,0.772
soporte.respiratorio.vmi.mas_de_un_ciclo,soporte,kappa<0.6,0.588,C,Gemma4,0.771
soporte.respiratorio.vmi.mas_de_un_ciclo,soporte,kappa<0.6,0.588,A,Qwen,0.677
soporte.respiratorio.vmi.mas_de_un_ciclo,soporte,kappa<0.6,0.588,B,Qwen,0.771
soporte.respiratorio.vmi.mas_de_un_ciclo,soporte,kappa<0.6,0.588,C,Qwen,0.788
soporte.respiratorio.vmi.mas_de_un_ciclo,soporte,kappa<0.6,0.588,A,Llama-70B,0.794
soporte.respiratorio.vmi.mas_de_un_ciclo,soporte,kappa<0.6,0.588,B,Llama-70B,0.404
soporte.respiratorio.vmi.mas_de_un_ciclo,soporte,kappa<0.6,0.588,C,Llama-70B,0.477
soporte.respiratorio.vmni,soporte,0.6<=kappa<0.8,0.785,A,Gemma4,0.837
soporte.respiratorio.vmni,soporte,0.6<=kappa<0.8,0.785,B,Gemma4,0.426
soporte.respiratorio.vmni,soporte,0.6<=kappa<0.8,0.785,C,Gemma4,0.589
soporte.respiratorio.vmni,soporte,0.6<=kappa<0.8,0.785,A,Qwen,0.702
soporte.respiratorio.vmni,soporte,0.6<=kappa<0.8,0.785,B,Qwen,0.614
soporte.respiratorio.vmni,soporte,0.6<=kappa<0.8,0.785,C,Qwen,0.721
soporte.respiratorio.vmni,soporte,0.6<=kappa<0.8,0.785,A,Llama-70B,0.581
soporte.respiratorio.vmni,soporte,0.6<=kappa<0.8,0.785,B,Llama-70B,0.7
soporte.respiratorio.vmni,soporte,0.6<=kappa<0.8,0.785,C,Llama-70B,0.609
soporte.sedoanalgesia_continua,soporte,kappa>=0.8,0.811,A,Gemma4,0.751
soporte.sedoanalgesia_continua,soporte,kappa>=0.8,0.811,B,Gemma4,0.766
soporte.sedoanalgesia_continua,soporte,kappa>=0.8,0.811,C,Gemma4,0.764
soporte.sedoanalgesia_continua,soporte,kappa>=0.8,0.811,A,Qwen,0.385
soporte.sedoanalgesia_continua,soporte,kappa>=0.8,0.811,B,Qwen,0.741
soporte.sedoanalgesia_continua,soporte,kappa>=0.8,0.811,C,Qwen,0.73
soporte.sedoanalgesia_continua,soporte,kappa>=0.8,0.811,A,Llama-70B,0.802
soporte.sedoanalgesia_continua,soporte,kappa>=0.8,0.811,B,Llama-70B,0.868
soporte.sedoanalgesia_continua,soporte,kappa>=0.8,0.811,C,Llama-70B,0.657
soporte.transfusion,soporte,0.6<=kappa<0.8,0.712,A,Gemma4,0.77
soporte.transfusion,soporte,0.6<=kappa<0.8,0.712,B,Gemma4,0.816
soporte.transfusion,soporte,0.6<=kappa<0.8,0.712,C,Gemma4,0.814
soporte.transfusion,soporte,0.6<=kappa<0.8,0.712,A,Qwen,0.772
soporte.transfusion,soporte,0.6<=kappa<0.8,0.712,B,Qwen,0.745
soporte.transfusion,soporte,0.6<=kappa<0.8,0.712,C,Qwen,0.68
soporte.transfusion,soporte,0.6<=kappa<0.8,0.712,A,Llama-70B,0.83
soporte.transfusion,soporte,0.6<=kappa<0.8,0.712,B,Llama-70B,0.747
soporte.transfusion,soporte,0.6<=kappa<0.8,0.712,C,Llama-70B,0.776
soporte.transfusion.masiva,soporte,kappa>=0.8,0.8,A,Gemma4,0.931
soporte.transfusion.masiva,soporte,kappa>=0.8,0.8,B,Gemma4,0.931
soporte.transfusion.masiva,soporte,kappa>=0.8,0.8,C,Gemma4,0.931
soporte.transfusion.masiva,soporte,kappa>=0.8,0.8,A,Qwen,0.931
soporte.transfusion.masiva,soporte,kappa>=0.8,0.8,B,Qwen,1.0
soporte.transfusion.masiva,soporte,kappa>=0.8,0.8,C,Qwen,1.0
soporte.transfusion.masiva,soporte,kappa>=0.8,0.8,A,Llama-70B,1.0
soporte.transfusion.masiva,soporte,kappa>=0.8,0.8,B,Llama-70B,1.0
soporte.transfusion.masiva,soporte,kappa>=0.8,0.8,C,Llama-70B,1.0
soporte.transfusion.tipo,soporte,0.6<=kappa<0.8,0.605,A,Gemma4,0.517
soporte.transfusion.tipo,soporte,0.6<=kappa<0.8,0.605,B,Gemma4,0.604
soporte.transfusion.tipo,soporte,0.6<=kappa<0.8,0.605,C,Gemma4,0.692
soporte.transfusion.tipo,soporte,0.6<=kappa<0.8,0.605,A,Qwen,0.44
soporte.transfusion.tipo,soporte,0.6<=kappa<0.8,0.605,B,Qwen,0.482
soporte.transfusion.tipo,soporte,0.6<=kappa<0.8,0.605,C,Qwen,0.452
soporte.transfusion.tipo,soporte,0.6<=kappa<0.8,0.605,A,Llama-70B,0.382
soporte.transfusion.tipo,soporte,0.6<=kappa<0.8,0.605,B,Llama-70B,0.458
soporte.transfusion.tipo,soporte,0.6<=kappa<0.8,0.605,C,Llama-70B,0.359
