Nivel_1,n_campos,kappa_prom,ac1_prom,f1_prom,n_sobre_umbral,n_con_kappa,pct_sobre_umbral
egreso,4,0.82,0.8945,0.667,2,4,50.0
antecedentes,65,0.7683538461538462,0.947723076923077,0.805546875,37,65,56.92307692307692
complicaciones,8,0.689625,0.905,0.706875,3,8,37.5
soporte,46,0.6296818181818181,0.8918636363636363,0.6605,18,44,40.90909090909091
ingreso,4,0.5615,0.6645,0.9015,0,4,0.0
falla,10,0.5352,0.8574999999999999,0.6371,3,10,30.0
infecciones,35,0.5052285714285715,0.9077428571428572,0.5387352941176471,8,35,22.857142857142858
calidad,1,0.034,0.117,,0,1,0.0
hospitalizacion,2,,,,0,0,
